file,line,type,commit,author,date,time,timezone,datetime,depth,length
style.css,1,css,9a7f69ee,Edgar,2025-01-16,20:16:58,-08:00,2025-01-16T20:16:58-08:00,0,5
style.css,2,css,9a7f69ee,Edgar,2025-01-16,20:16:58,-08:00,2025-01-16T20:16:58-08:00,0,34
style.css,3,css,9a7f69ee,Edgar,2025-01-16,20:16:58,-08:00,2025-01-16T20:16:58-08:00,0,33
style.css,4,css,46a1a5d1,Edgar,2025-01-24,19:13:24,-08:00,2025-01-24T19:13:24-08:00,0,24
style.css,5,css,9a7f69ee,Edgar,2025-01-16,20:16:58,-08:00,2025-01-16T20:16:58-08:00,0,0
style.css,6,css,7ce47798,Edgar,2025-01-09,19:36:28,-08:00,2025-01-09T19:36:28-08:00,0,0
style.css,7,css,7ce47798,Edgar,2025-01-09,19:36:28,-08:00,2025-01-09T19:36:28-08:00,0,5
style.css,8,css,7ce47798,Edgar,2025-01-09,19:36:28,-08:00,2025-01-09T19:36:28-08:00,0,44
style.css,9,css,7ce47798,Edgar,2025-01-09,19:36:28,-08:00,2025-01-09T19:36:28-08:00,0,43
style.css,10,css,7ce47798,Edgar,2025-01-09,19:36:28,-08:00,2025-01-09T19:36:28-08:00,0,1
style.css,11,css,7ce47798,Edgar,2025-01-09,19:36:28,-08:00,2025-01-09T19:36:28-08:00,0,24
style.css,12,css,9a7f69ee,Edgar,2025-01-16,20:16:58,-08:00,2025-01-16T20:16:58-08:00,0,59
style.css,13,css,9a7f69ee,Edgar,2025-01-16,20:16:58,-08:00,2025-01-16T20:16:58-08:00,0,16
style.css,14,css,9a7f69ee,Edgar,2025-01-16,20:16:58,-08:00,2025-01-16T20:16:58-08:00,0,43
style.css,15,css,9a7f69ee,Edgar,2025-01-16,20:16:58,-08:00,2025-01-16T20:16:58-08:00,0,0
style.css,16,css,9a7f69ee,Edgar,2025-01-16,20:16:58,-08:00,2025-01-16T20:16:58-08:00,0,0
style.css,17,css,9a7f69ee,Edgar,2025-01-16,20:16:58,-08:00,2025-01-16T20:16:58-08:00,0,19
style.css,18,css,9a7f69ee,Edgar,2025-01-16,20:16:58,-08:00,2025-01-16T20:16:58-08:00,0,3
style.css,19,css,9a7f69ee,Edgar,2025-01-16,20:16:58,-08:00,2025-01-16T20:16:58-08:00,0,15
style.css,20,css,9a7f69ee,Edgar,2025-01-16,20:16:58,-08:00,2025-01-16T20:16:58-08:00,0,0
style.css,21,css,9a7f69ee,Edgar,2025-01-16,20:16:58,-08:00,2025-01-16T20:16:58-08:00,0,0
style.css,22,css,33e2e818,Edgar,2025-01-17,18:20:30,-08:00,2025-01-17T18:20:30-08:00,0,75
style.css,23,css,9a7f69ee,Edgar,2025-01-16,20:16:58,-08:00,2025-01-16T20:16:58-08:00,0,16
style.css,24,css,9a7f69ee,Edgar,2025-01-16,20:16:58,-08:00,2025-01-16T20:16:58-08:00,0,18
style.css,25,css,9a7f69ee,Edgar,2025-01-16,20:16:58,-08:00,2025-01-16T20:16:58-08:00,0,0
style.css,26,css,9a7f69ee,Edgar,2025-01-16,20:16:58,-08:00,2025-01-16T20:16:58-08:00,0,0
style.css,27,css,9a7f69ee,Edgar,2025-01-16,20:16:58,-08:00,2025-01-16T20:16:58-08:00,0,21
style.css,28,css,9a7f69ee,Edgar,2025-01-16,20:16:58,-08:00,2025-01-16T20:16:58-08:00,0,24
style.css,29,css,9a7f69ee,Edgar,2025-01-16,20:16:58,-08:00,2025-01-16T20:16:58-08:00,0,43
style.css,30,css,9a7f69ee,Edgar,2025-01-16,20:16:58,-08:00,2025-01-16T20:16:58-08:00,0,13
style.css,31,css,9a7f69ee,Edgar,2025-01-16,20:16:58,-08:00,2025-01-16T20:16:58-08:00,0,0
style.css,32,css,9a7f69ee,Edgar,2025-01-16,20:16:58,-08:00,2025-01-16T20:16:58-08:00,0,0
style.css,33,css,9a7f69ee,Edgar,2025-01-16,20:16:58,-08:00,2025-01-16T20:16:58-08:00,0,5
style.css,34,css,9a7f69ee,Edgar,2025-01-16,20:16:58,-08:00,2025-01-16T20:16:58-08:00,0,13
style.css,35,css,9a7f69ee,Edgar,2025-01-16,20:16:58,-08:00,2025-01-16T20:16:58-08:00,0,31
style.css,36,css,9a7f69ee,Edgar,2025-01-16,20:16:58,-08:00,2025-01-16T20:16:58-08:00,0,8
style.css,37,css,9a7f69ee,Edgar,2025-01-16,20:16:58,-08:00,2025-01-16T20:16:58-08:00,0,0
style.css,38,css,9a7f69ee,Edgar,2025-01-16,20:16:58,-08:00,2025-01-16T20:16:58-08:00,0,0
style.css,39,css,9a7f69ee,Edgar,2025-01-16,20:16:58,-08:00,2025-01-16T20:16:58-08:00,0,11
style.css,40,css,9a7f69ee,Edgar,2025-01-16,20:16:58,-08:00,2025-01-16T20:16:58-08:00,0,13
style.css,41,css,9a7f69ee,Edgar,2025-01-16,20:16:58,-08:00,2025-01-16T20:16:58-08:00,0,30
style.css,42,css,9a7f69ee,Edgar,2025-01-16,20:16:58,-08:00,2025-01-16T20:16:58-08:00,0,19
style.css,43,css,9a7f69ee,Edgar,2025-01-16,20:16:58,-08:00,2025-01-16T20:16:58-08:00,0,8
style.css,44,css,9a7f69ee,Edgar,2025-01-16,20:16:58,-08:00,2025-01-16T20:16:58-08:00,0,19
style.css,45,css,9a7f69ee,Edgar,2025-01-16,20:16:58,-08:00,2025-01-16T20:16:58-08:00,0,0
style.css,46,css,9a7f69ee,Edgar,2025-01-16,20:16:58,-08:00,2025-01-16T20:16:58-08:00,0,0
style.css,47,css,9a7f69ee,Edgar,2025-01-16,20:16:58,-08:00,2025-01-16T20:16:58-08:00,0,39
style.css,48,css,9a7f69ee,Edgar,2025-01-16,20:16:58,-08:00,2025-01-16T20:16:58-08:00,0,14
style.css,49,css,9a7f69ee,Edgar,2025-01-16,20:16:58,-08:00,2025-01-16T20:16:58-08:00,0,11
style.css,50,css,9a7f69ee,Edgar,2025-01-16,20:16:58,-08:00,2025-01-16T20:16:58-08:00,0,22
style.css,51,css,9a7f69ee,Edgar,2025-01-16,20:16:58,-08:00,2025-01-16T20:16:58-08:00,0,18
style.css,52,css,9a7f69ee,Edgar,2025-01-16,20:16:58,-08:00,2025-01-16T20:16:58-08:00,0,0
style.css,53,css,9a7f69ee,Edgar,2025-01-16,20:16:58,-08:00,2025-01-16T20:16:58-08:00,0,0
style.css,54,css,9a7f69ee,Edgar,2025-01-16,20:16:58,-08:00,2025-01-16T20:16:58-08:00,0,21
style.css,55,css,9a7f69ee,Edgar,2025-01-16,20:16:58,-08:00,2025-01-16T20:16:58-08:00,0,15
style.css,56,css,9a7f69ee,Edgar,2025-01-16,20:16:58,-08:00,2025-01-16T20:16:58-08:00,0,31
style.css,57,css,9a7f69ee,Edgar,2025-01-16,20:16:58,-08:00,2025-01-16T20:16:58-08:00,0,17
style.css,58,css,9a7f69ee,Edgar,2025-01-16,20:16:58,-08:00,2025-01-16T20:16:58-08:00,0,0
style.css,59,css,9a7f69ee,Edgar,2025-01-16,20:16:58,-08:00,2025-01-16T20:16:58-08:00,0,0
style.css,60,css,9a7f69ee,Edgar,2025-01-16,20:16:58,-08:00,2025-01-16T20:16:58-08:00,0,3
style.css,61,css,9a7f69ee,Edgar,2025-01-16,20:16:58,-08:00,2025-01-16T20:16:58-08:00,0,13
style.css,62,css,46a1a5d1,Edgar,2025-01-24,19:13:24,-08:00,2025-01-24T19:13:24-08:00,0,40
style.css,63,css,9a7f69ee,Edgar,2025-01-16,20:16:58,-08:00,2025-01-16T20:16:58-08:00,0,0
style.css,64,css,9a7f69ee,Edgar,2025-01-16,20:16:58,-08:00,2025-01-16T20:16:58-08:00,0,0
style.css,65,css,9a7f69ee,Edgar,2025-01-16,20:16:58,-08:00,2025-01-16T20:16:58-08:00,0,6
style.css,66,css,9a7f69ee,Edgar,2025-01-16,20:16:58,-08:00,2025-01-16T20:16:58-08:00,0,21
style.css,67,css,9a7f69ee,Edgar,2025-01-16,20:16:58,-08:00,2025-01-16T20:16:58-08:00,0,14
style.css,68,css,9a7f69ee,Edgar,2025-01-16,20:16:58,-08:00,2025-01-16T20:16:58-08:00,0,14
style.css,69,css,46a1a5d1,Edgar,2025-01-24,19:13:24,-08:00,2025-01-24T19:13:24-08:00,0,19
style.css,70,css,9a7f69ee,Edgar,2025-01-16,20:16:58,-08:00,2025-01-16T20:16:58-08:00,0,7
style.css,71,css,9a7f69ee,Edgar,2025-01-16,20:16:58,-08:00,2025-01-16T20:16:58-08:00,0,18
style.css,72,css,9a7f69ee,Edgar,2025-01-16,20:16:58,-08:00,2025-01-16T20:16:58-08:00,0,20
style.css,73,css,9a7f69ee,Edgar,2025-01-16,20:16:58,-08:00,2025-01-16T20:16:58-08:00,0,24
style.css,74,css,9a7f69ee,Edgar,2025-01-16,20:16:58,-08:00,2025-01-16T20:16:58-08:00,0,26
style.css,75,css,9a7f69ee,Edgar,2025-01-16,20:16:58,-08:00,2025-01-16T20:16:58-08:00,0,38
style.css,76,css,9a7f69ee,Edgar,2025-01-16,20:16:58,-08:00,2025-01-16T20:16:58-08:00,0,0
style.css,77,css,9a7f69ee,Edgar,2025-01-16,20:16:58,-08:00,2025-01-16T20:16:58-08:00,0,0
style.css,78,css,33e2e818,Edgar,2025-01-17,18:20:30,-08:00,2025-01-17T18:20:30-08:00,0,70
style.css,79,css,9a7f69ee,Edgar,2025-01-16,20:16:58,-08:00,2025-01-16T20:16:58-08:00,0,17
style.css,80,css,9a7f69ee,Edgar,2025-01-16,20:16:58,-08:00,2025-01-16T20:16:58-08:00,0,26
style.css,81,css,9a7f69ee,Edgar,2025-01-16,20:16:58,-08:00,2025-01-16T20:16:58-08:00,0,0
style.css,82,css,9a7f69ee,Edgar,2025-01-16,20:16:58,-08:00,2025-01-16T20:16:58-08:00,0,0
style.css,83,css,33e2e818,Edgar,2025-01-17,18:20:30,-08:00,2025-01-17T18:20:30-08:00,0,148
style.css,84,css,9a7f69ee,Edgar,2025-01-16,20:16:58,-08:00,2025-01-16T20:16:58-08:00,0,26
style.css,85,css,9a7f69ee,Edgar,2025-01-16,20:16:58,-08:00,2025-01-16T20:16:58-08:00,0,40
style.css,86,css,46a1a5d1,Edgar,2025-01-24,19:13:24,-08:00,2025-01-24T19:13:24-08:00,0,74
style.css,87,css,9a7f69ee,Edgar,2025-01-16,20:16:58,-08:00,2025-01-16T20:16:58-08:00,0,0
style.css,88,css,9a7f69ee,Edgar,2025-01-16,20:16:58,-08:00,2025-01-16T20:16:58-08:00,0,0
style.css,89,css,9a7f69ee,Edgar,2025-01-16,20:16:58,-08:00,2025-01-16T20:16:58-08:00,0,18
style.css,90,css,9a7f69ee,Edgar,2025-01-16,20:16:58,-08:00,2025-01-16T20:16:58-08:00,0,10
style.css,91,css,9a7f69ee,Edgar,2025-01-16,20:16:58,-08:00,2025-01-16T20:16:58-08:00,0,13
style.css,92,css,9a7f69ee,Edgar,2025-01-16,20:16:58,-08:00,2025-01-16T20:16:58-08:00,0,59
style.css,93,css,9a7f69ee,Edgar,2025-01-16,20:16:58,-08:00,2025-01-16T20:16:58-08:00,0,8
style.css,94,css,9a7f69ee,Edgar,2025-01-16,20:16:58,-08:00,2025-01-16T20:16:58-08:00,0,0
style.css,95,css,9a7f69ee,Edgar,2025-01-16,20:16:58,-08:00,2025-01-16T20:16:58-08:00,0,0
style.css,96,css,9a7f69ee,Edgar,2025-01-16,20:16:58,-08:00,2025-01-16T20:16:58-08:00,0,18
style.css,97,css,9a7f69ee,Edgar,2025-01-16,20:16:58,-08:00,2025-01-16T20:16:58-08:00,0,13
style.css,98,css,9a7f69ee,Edgar,2025-01-16,20:16:58,-08:00,2025-01-16T20:16:58-08:00,0,27
style.css,99,css,9a7f69ee,Edgar,2025-01-16,20:16:58,-08:00,2025-01-16T20:16:58-08:00,0,16
style.css,100,css,9a7f69ee,Edgar,2025-01-16,20:16:58,-08:00,2025-01-16T20:16:58-08:00,0,8
style.css,101,css,9a7f69ee,Edgar,2025-01-16,20:16:58,-08:00,2025-01-16T20:16:58-08:00,0,0
style.css,102,css,9a7f69ee,Edgar,2025-01-16,20:16:58,-08:00,2025-01-16T20:16:58-08:00,0,0
style.css,103,css,ad49e8ca,Edgar,2025-02-25,19:24:07,-08:00,2025-02-25T19:24:07-08:00,0,22
style.css,104,css,ad49e8ca,Edgar,2025-02-25,19:24:07,-08:00,2025-02-25T19:24:07-08:00,0,15
style.css,105,css,ad49e8ca,Edgar,2025-02-25,19:24:07,-08:00,2025-02-25T19:24:07-08:00,0,51
style.css,106,css,ad49e8ca,Edgar,2025-02-25,19:24:07,-08:00,2025-02-25T19:24:07-08:00,0,11
style.css,107,css,ad49e8ca,Edgar,2025-02-25,19:24:07,-08:00,2025-02-25T19:24:07-08:00,0,12
style.css,108,css,ad49e8ca,Edgar,2025-02-25,19:24:07,-08:00,2025-02-25T19:24:07-08:00,0,0
style.css,109,css,ad49e8ca,Edgar,2025-02-25,19:24:07,-08:00,2025-02-25T19:24:07-08:00,0,0
style.css,110,css,9a7f69ee,Edgar,2025-01-16,20:16:58,-08:00,2025-01-16T20:16:58-08:00,0,13
style.css,111,css,9a7f69ee,Edgar,2025-01-16,20:16:58,-08:00,2025-01-16T20:16:58-08:00,0,9
style.css,112,css,33e2e818,Edgar,2025-01-17,18:20:30,-08:00,2025-01-17T18:20:30-08:00,0,0
style.css,113,css,33e2e818,Edgar,2025-01-17,18:20:30,-08:00,2025-01-17T18:20:30-08:00,0,0
style.css,114,css,33e2e818,Edgar,2025-01-17,18:20:30,-08:00,2025-01-17T18:20:30-08:00,0,20
style.css,115,css,33e2e818,Edgar,2025-01-17,18:20:30,-08:00,2025-01-17T18:20:30-08:00,0,6
style.css,116,css,33e2e818,Edgar,2025-01-17,18:20:30,-08:00,2025-01-17T18:20:30-08:00,0,20
style.css,117,css,33e2e818,Edgar,2025-01-17,18:20:30,-08:00,2025-01-17T18:20:30-08:00,0,24
style.css,118,css,33e2e818,Edgar,2025-01-17,18:20:30,-08:00,2025-01-17T18:20:30-08:00,0,26
style.css,119,css,33e2e818,Edgar,2025-01-17,18:20:30,-08:00,2025-01-17T18:20:30-08:00,0,29
style.css,120,css,33e2e818,Edgar,2025-01-17,18:20:30,-08:00,2025-01-17T18:20:30-08:00,0,0
style.css,121,css,33e2e818,Edgar,2025-01-17,18:20:30,-08:00,2025-01-17T18:20:30-08:00,0,31
style.css,122,css,33e2e818,Edgar,2025-01-17,18:20:30,-08:00,2025-01-17T18:20:30-08:00,0,20
style.css,123,css,33e2e818,Edgar,2025-01-17,18:20:30,-08:00,2025-01-17T18:20:30-08:00,0,24
style.css,124,css,33e2e818,Edgar,2025-01-17,18:20:30,-08:00,2025-01-17T18:20:30-08:00,0,26
style.css,125,css,33e2e818,Edgar,2025-01-17,18:20:30,-08:00,2025-01-17T18:20:30-08:00,0,38
style.css,126,css,33e2e818,Edgar,2025-01-17,18:20:30,-08:00,2025-01-17T18:20:30-08:00,0,0
style.css,127,css,33e2e818,Edgar,2025-01-17,18:20:30,-08:00,2025-01-17T18:20:30-08:00,0,0
style.css,128,css,46a1a5d1,Edgar,2025-01-24,19:13:24,-08:00,2025-01-24T19:13:24-08:00,0,39
style.css,129,css,33e2e818,Edgar,2025-01-17,18:20:30,-08:00,2025-01-17T18:20:30-08:00,0,20
style.css,130,css,33e2e818,Edgar,2025-01-17,18:20:30,-08:00,2025-01-17T18:20:30-08:00,0,0
style.css,131,css,33e2e818,Edgar,2025-01-17,18:20:30,-08:00,2025-01-17T18:20:30-08:00,0,0
style.css,132,css,46a1a5d1,Edgar,2025-01-24,19:13:24,-08:00,2025-01-24T19:13:24-08:00,0,60
style.css,133,css,33e2e818,Edgar,2025-01-17,18:20:30,-08:00,2025-01-17T18:20:30-08:00,0,17
style.css,134,css,33e2e818,Edgar,2025-01-17,18:20:30,-08:00,2025-01-17T18:20:30-08:00,0,0
style.css,135,css,46a1a5d1,Edgar,2025-01-24,19:13:24,-08:00,2025-01-24T19:13:24-08:00,0,26
style.css,136,css,33e2e818,Edgar,2025-01-17,18:20:30,-08:00,2025-01-17T18:20:30-08:00,0,20
style.css,137,css,33e2e818,Edgar,2025-01-17,18:20:30,-08:00,2025-01-17T18:20:30-08:00,0,18
style.css,138,css,46a1a5d1,Edgar,2025-01-24,19:13:24,-08:00,2025-01-24T19:13:24-08:00,0,0
style.css,139,css,46a1a5d1,Edgar,2025-01-24,19:13:24,-08:00,2025-01-24T19:13:24-08:00,0,0
style.css,140,css,46a1a5d1,Edgar,2025-01-24,19:13:24,-08:00,2025-01-24T19:13:24-08:00,0,26
style.css,141,css,46a1a5d1,Edgar,2025-01-24,19:13:24,-08:00,2025-01-24T19:13:24-08:00,0,14
style.css,142,css,46a1a5d1,Edgar,2025-01-24,19:13:24,-08:00,2025-01-24T19:13:24-08:00,0,18
style.css,143,css,46a1a5d1,Edgar,2025-01-24,19:13:24,-08:00,2025-01-24T19:13:24-08:00,0,9
style.css,144,css,46a1a5d1,Edgar,2025-01-24,19:13:24,-08:00,2025-01-24T19:13:24-08:00,0,11
style.css,145,css,46a1a5d1,Edgar,2025-01-24,19:13:24,-08:00,2025-01-24T19:13:24-08:00,0,14
style.css,146,css,46a1a5d1,Edgar,2025-01-24,19:13:24,-08:00,2025-01-24T19:13:24-08:00,0,20
style.css,147,css,46a1a5d1,Edgar,2025-01-24,19:13:24,-08:00,2025-01-24T19:13:24-08:00,0,16
style.css,148,css,46a1a5d1,Edgar,2025-01-24,19:13:24,-08:00,2025-01-24T19:13:24-08:00,0,14
style.css,149,css,46a1a5d1,Edgar,2025-01-24,19:13:24,-08:00,2025-01-24T19:13:24-08:00,0,20
style.css,150,css,46a1a5d1,Edgar,2025-01-24,19:13:24,-08:00,2025-01-24T19:13:24-08:00,0,39
style.css,151,css,46a1a5d1,Edgar,2025-01-24,19:13:24,-08:00,2025-01-24T19:13:24-08:00,0,13
style.css,152,css,46a1a5d1,Edgar,2025-01-24,19:13:24,-08:00,2025-01-24T19:13:24-08:00,0,0
style.css,153,css,46a1a5d1,Edgar,2025-01-24,19:13:24,-08:00,2025-01-24T19:13:24-08:00,0,7
style.css,154,css,46a1a5d1,Edgar,2025-01-24,19:13:24,-08:00,2025-01-24T19:13:24-08:00,0,18
style.css,155,css,46a1a5d1,Edgar,2025-01-24,19:13:24,-08:00,2025-01-24T19:13:24-08:00,0,0
style.css,156,css,69085b44,Edgar,2025-01-31,18:53:35,-08:00,2025-01-31T18:53:35-08:00,0,0
style.css,157,css,69085b44,Edgar,2025-01-31,18:53:35,-08:00,2025-01-31T18:53:35-08:00,0,0
style.css,158,css,69085b44,Edgar,2025-01-31,18:53:35,-08:00,2025-01-31T18:53:35-08:00,0,16
style.css,159,css,69085b44,Edgar,2025-01-31,18:53:35,-08:00,2025-01-31T18:53:35-08:00,0,15
style.css,160,css,69085b44,Edgar,2025-01-31,18:53:35,-08:00,2025-01-31T18:53:35-08:00,0,12
style.css,161,css,69085b44,Edgar,2025-01-31,18:53:35,-08:00,2025-01-31T18:53:35-08:00,0,25
style.css,162,css,69085b44,Edgar,2025-01-31,18:53:35,-08:00,2025-01-31T18:53:35-08:00,0,22
style.css,163,css,69085b44,Edgar,2025-01-31,18:53:35,-08:00,2025-01-31T18:53:35-08:00,0,20
style.css,164,css,69085b44,Edgar,2025-01-31,18:53:35,-08:00,2025-01-31T18:53:35-08:00,0,39
style.css,165,css,69085b44,Edgar,2025-01-31,18:53:35,-08:00,2025-01-31T18:53:35-08:00,0,0
style.css,166,css,69085b44,Edgar,2025-01-31,18:53:35,-08:00,2025-01-31T18:53:35-08:00,0,0
style.css,167,css,69085b44,Edgar,2025-01-31,18:53:35,-08:00,2025-01-31T18:53:35-08:00,0,23
style.css,168,css,69085b44,Edgar,2025-01-31,18:53:35,-08:00,2025-01-31T18:53:35-08:00,0,0
style.css,169,css,69085b44,Edgar,2025-01-31,18:53:35,-08:00,2025-01-31T18:53:35-08:00,0,3
style.css,170,css,69085b44,Edgar,2025-01-31,18:53:35,-08:00,2025-01-31T18:53:35-08:00,0,13
style.css,171,css,69085b44,Edgar,2025-01-31,18:53:35,-08:00,2025-01-31T18:53:35-08:00,0,37
style.css,172,css,69085b44,Edgar,2025-01-31,18:53:35,-08:00,2025-01-31T18:53:35-08:00,0,8
style.css,173,css,69085b44,Edgar,2025-01-31,18:53:35,-08:00,2025-01-31T18:53:35-08:00,0,9
style.css,174,css,69085b44,Edgar,2025-01-31,18:53:35,-08:00,2025-01-31T18:53:35-08:00,0,0
style.css,175,css,69085b44,Edgar,2025-01-31,18:53:35,-08:00,2025-01-31T18:53:35-08:00,0,0
style.css,176,css,69085b44,Edgar,2025-01-31,18:53:35,-08:00,2025-01-31T18:53:35-08:00,0,3
style.css,177,css,69085b44,Edgar,2025-01-31,18:53:35,-08:00,2025-01-31T18:53:35-08:00,0,17
style.css,178,css,69085b44,Edgar,2025-01-31,18:53:35,-08:00,2025-01-31T18:53:35-08:00,0,11
style.css,179,css,69085b44,Edgar,2025-01-31,18:53:35,-08:00,2025-01-31T18:53:35-08:00,0,0
style.css,180,css,69085b44,Edgar,2025-01-31,18:53:35,-08:00,2025-01-31T18:53:35-08:00,0,0
style.css,181,css,69085b44,Edgar,2025-01-31,18:53:35,-08:00,2025-01-31T18:53:35-08:00,0,3
style.css,182,css,69085b44,Edgar,2025-01-31,18:53:35,-08:00,2025-01-31T18:53:35-08:00,0,17
style.css,183,css,69085b44,Edgar,2025-01-31,18:53:35,-08:00,2025-01-31T18:53:35-08:00,0,11
style.css,184,css,69085b44,Edgar,2025-01-31,18:53:35,-08:00,2025-01-31T18:53:35-08:00,0,0
style.css,185,css,c65ce0c3,Edgar,2025-02-07,19:57:09,-08:00,2025-02-07T19:57:09-08:00,0,0
style.css,186,css,c65ce0c3,Edgar,2025-02-07,19:57:09,-08:00,2025-02-07T19:57:09-08:00,0,0
style.css,187,css,c65ce0c3,Edgar,2025-02-07,19:57:09,-08:00,2025-02-07T19:57:09-08:00,0,11
style.css,188,css,c65ce0c3,Edgar,2025-02-07,19:57:09,-08:00,2025-02-07T19:57:09-08:00,0,13
style.css,189,css,c65ce0c3,Edgar,2025-02-07,19:57:09,-08:00,2025-02-07T19:57:09-08:00,0,30
style.css,190,css,c65ce0c3,Edgar,2025-02-07,19:57:09,-08:00,2025-02-07T19:57:09-08:00,0,8
style.css,191,css,c65ce0c3,Edgar,2025-02-07,19:57:09,-08:00,2025-02-07T19:57:09-08:00,0,0
style.css,192,css,c5b2736d,Edgar,2025-02-07,20:09:00,-08:00,2025-02-07T20:09:00-08:00,0,15
style.css,193,css,c65ce0c3,Edgar,2025-02-07,19:57:09,-08:00,2025-02-07T19:57:09-08:00,0,15
style.css,194,css,c65ce0c3,Edgar,2025-02-07,19:57:09,-08:00,2025-02-07T19:57:09-08:00,0,17
style.css,195,css,c65ce0c3,Edgar,2025-02-07,19:57:09,-08:00,2025-02-07T19:57:09-08:00,0,17
style.css,196,css,c65ce0c3,Edgar,2025-02-07,19:57:09,-08:00,2025-02-07T19:57:09-08:00,0,0
style.css,197,css,c65ce0c3,Edgar,2025-02-07,19:57:09,-08:00,2025-02-07T19:57:09-08:00,0,0
style.css,198,css,c5b2736d,Edgar,2025-02-07,20:09:00,-08:00,2025-02-07T20:09:00-08:00,0,48
style.css,199,css,c5b2736d,Edgar,2025-02-07,20:09:00,-08:00,2025-02-07T20:09:00-08:00,0,12
style.css,200,css,c5b2736d,Edgar,2025-02-07,20:09:00,-08:00,2025-02-07T20:09:00-08:00,0,0
style.css,201,css,c5b2736d,Edgar,2025-02-07,20:09:00,-08:00,2025-02-07T20:09:00-08:00,0,0
style.css,202,css,c65ce0c3,Edgar,2025-02-07,19:57:09,-08:00,2025-02-07T19:57:09-08:00,0,8
style.css,203,css,c65ce0c3,Edgar,2025-02-07,19:57:09,-08:00,2025-02-07T19:57:09-08:00,0,13
style.css,204,css,c65ce0c3,Edgar,2025-02-07,19:57:09,-08:00,2025-02-07T19:57:09-08:00,0,7
style.css,205,css,c65ce0c3,Edgar,2025-02-07,19:57:09,-08:00,2025-02-07T19:57:09-08:00,0,19
style.css,206,css,c65ce0c3,Edgar,2025-02-07,19:57:09,-08:00,2025-02-07T19:57:09-08:00,0,58
style.css,207,css,c65ce0c3,Edgar,2025-02-07,19:57:09,-08:00,2025-02-07T19:57:09-08:00,0,8
style.css,208,css,c65ce0c3,Edgar,2025-02-07,19:57:09,-08:00,2025-02-07T19:57:09-08:00,0,12
style.css,209,css,c65ce0c3,Edgar,2025-02-07,19:57:09,-08:00,2025-02-07T19:57:09-08:00,0,13
style.css,210,css,c65ce0c3,Edgar,2025-02-07,19:57:09,-08:00,2025-02-07T19:57:09-08:00,0,22
style.css,211,css,c65ce0c3,Edgar,2025-02-07,19:57:09,-08:00,2025-02-07T19:57:09-08:00,0,20
style.css,212,css,c65ce0c3,Edgar,2025-02-07,19:57:09,-08:00,2025-02-07T19:57:09-08:00,0,25
style.css,213,css,c65ce0c3,Edgar,2025-02-07,19:57:09,-08:00,2025-02-07T19:57:09-08:00,0,0
style.css,214,css,c65ce0c3,Edgar,2025-02-07,19:57:09,-08:00,2025-02-07T19:57:09-08:00,0,0
style.css,215,css,c65ce0c3,Edgar,2025-02-07,19:57:09,-08:00,2025-02-07T19:57:09-08:00,0,11
style.css,216,css,c65ce0c3,Edgar,2025-02-07,19:57:09,-08:00,2025-02-07T19:57:09-08:00,0,13
style.css,217,css,c65ce0c3,Edgar,2025-02-07,19:57:09,-08:00,2025-02-07T19:57:09-08:00,0,7
style.css,218,css,c65ce0c3,Edgar,2025-02-07,19:57:09,-08:00,2025-02-07T19:57:09-08:00,0,19
style.css,219,css,c65ce0c3,Edgar,2025-02-07,19:57:09,-08:00,2025-02-07T19:57:09-08:00,0,10
style.css,220,css,c65ce0c3,Edgar,2025-02-07,19:57:09,-08:00,2025-02-07T19:57:09-08:00,0,0
style.css,221,css,c65ce0c3,Edgar,2025-02-07,19:57:09,-08:00,2025-02-07T19:57:09-08:00,0,0
style.css,222,css,c65ce0c3,Edgar,2025-02-07,19:57:09,-08:00,2025-02-07T19:57:09-08:00,0,16
style.css,223,css,c65ce0c3,Edgar,2025-02-07,19:57:09,-08:00,2025-02-07T19:57:09-08:00,0,10
style.css,224,css,c65ce0c3,Edgar,2025-02-07,19:57:09,-08:00,2025-02-07T19:57:09-08:00,0,11
style.css,225,css,c65ce0c3,Edgar,2025-02-07,19:57:09,-08:00,2025-02-07T19:57:09-08:00,0,19
style.css,226,css,c65ce0c3,Edgar,2025-02-07,19:57:09,-08:00,2025-02-07T19:57:09-08:00,0,30
style.css,227,css,c65ce0c3,Edgar,2025-02-07,19:57:09,-08:00,2025-02-07T19:57:09-08:00,0,21
style.css,228,css,c5b2736d,Edgar,2025-02-07,20:09:00,-08:00,2025-02-07T20:09:00-08:00,0,0
style.css,229,css,c5b2736d,Edgar,2025-02-07,20:09:00,-08:00,2025-02-07T20:09:00-08:00,0,0
style.css,230,css,c5b2736d,Edgar,2025-02-07,20:09:00,-08:00,2025-02-07T20:09:00-08:00,0,0
style.css,231,css,c5b2736d,Edgar,2025-02-07,20:09:00,-08:00,2025-02-07T20:09:00-08:00,0,22
style.css,232,css,c5b2736d,Edgar,2025-02-07,20:09:00,-08:00,2025-02-07T20:09:00-08:00,0,36
style.css,233,css,c65ce0c3,Edgar,2025-02-07,19:57:09,-08:00,2025-02-07T19:57:09-08:00,0,0
style.css,234,css,c65ce0c3,Edgar,2025-02-07,19:57:09,-08:00,2025-02-07T19:57:09-08:00,0,0
style.css,235,css,c65ce0c3,Edgar,2025-02-07,19:57:09,-08:00,2025-02-07T19:57:09-08:00,0,16
style.css,236,css,c65ce0c3,Edgar,2025-02-07,19:57:09,-08:00,2025-02-07T19:57:09-08:00,0,18
style.css,237,css,c65ce0c3,Edgar,2025-02-07,19:57:09,-08:00,2025-02-07T19:57:09-08:00,0,17
style.css,238,css,c65ce0c3,Edgar,2025-02-07,19:57:09,-08:00,2025-02-07T19:57:09-08:00,0,12
style.css,239,css,c65ce0c3,Edgar,2025-02-07,19:57:09,-08:00,2025-02-07T19:57:09-08:00,0,0
style.css,240,css,c65ce0c3,Edgar,2025-02-07,19:57:09,-08:00,2025-02-07T19:57:09-08:00,0,0
style.css,241,css,c65ce0c3,Edgar,2025-02-07,19:57:09,-08:00,2025-02-07T19:57:09-08:00,0,0
style.css,242,css,c65ce0c3,Edgar,2025-02-07,19:57:09,-08:00,2025-02-07T19:57:09-08:00,0,5
style.css,243,css,c65ce0c3,Edgar,2025-02-07,19:57:09,-08:00,2025-02-07T19:57:09-08:00,0,17
style.css,244,css,c5b2736d,Edgar,2025-02-07,20:09:00,-08:00,2025-02-07T20:09:00-08:00,0,15
style.css,245,css,c65ce0c3,Edgar,2025-02-07,19:57:09,-08:00,2025-02-07T19:57:09-08:00,0,0
style.css,246,css,c65ce0c3,Edgar,2025-02-07,19:57:09,-08:00,2025-02-07T19:57:09-08:00,0,0
style.css,247,css,c65ce0c3,Edgar,2025-02-07,19:57:09,-08:00,2025-02-07T19:57:09-08:00,0,10
style.css,248,css,c65ce0c3,Edgar,2025-02-07,19:57:09,-08:00,2025-02-07T19:57:09-08:00,0,36
style.css,249,css,c5b2736d,Edgar,2025-02-07,20:09:00,-08:00,2025-02-07T20:09:00-08:00,0,0
style.css,250,css,c5b2736d,Edgar,2025-02-07,20:09:00,-08:00,2025-02-07T20:09:00-08:00,0,0
style.css,251,css,c5b2736d,Edgar,2025-02-07,20:09:00,-08:00,2025-02-07T20:09:00-08:00,0,15
style.css,252,css,c5b2736d,Edgar,2025-02-07,20:09:00,-08:00,2025-02-07T20:09:00-08:00,0,18
style.css,253,css,2df64cc7,Edgar,2025-02-14,20:53:06,-08:00,2025-02-14T20:53:06-08:00,0,0
style.css,254,css,2df64cc7,Edgar,2025-02-14,20:53:06,-08:00,2025-02-14T20:53:06-08:00,0,0
style.css,255,css,2df64cc7,Edgar,2025-02-14,20:53:06,-08:00,2025-02-14T20:53:06-08:00,0,44
style.css,256,css,2df64cc7,Edgar,2025-02-14,20:53:06,-08:00,2025-02-14T20:53:06-08:00,0,7
style.css,257,css,2df64cc7,Edgar,2025-02-14,20:53:06,-08:00,2025-02-14T20:53:06-08:00,0,11
style.css,258,css,2df64cc7,Edgar,2025-02-14,20:53:06,-08:00,2025-02-14T20:53:06-08:00,0,15
style.css,259,css,2df64cc7,Edgar,2025-02-14,20:53:06,-08:00,2025-02-14T20:53:06-08:00,0,0
style.css,260,css,2df64cc7,Edgar,2025-02-14,20:53:06,-08:00,2025-02-14T20:53:06-08:00,0,0
style.css,261,css,2df64cc7,Edgar,2025-02-14,20:53:06,-08:00,2025-02-14T20:53:06-08:00,0,0
style.css,262,css,2df64cc7,Edgar,2025-02-14,20:53:06,-08:00,2025-02-14T20:53:06-08:00,0,0
style.css,263,css,2df64cc7,Edgar,2025-02-14,20:53:06,-08:00,2025-02-14T20:53:06-08:00,0,11
style.css,264,css,2df64cc7,Edgar,2025-02-14,20:53:06,-08:00,2025-02-14T20:53:06-08:00,0,8
style.css,265,css,2df64cc7,Edgar,2025-02-14,20:53:06,-08:00,2025-02-14T20:53:06-08:00,0,13
style.css,266,css,2df64cc7,Edgar,2025-02-14,20:53:06,-08:00,2025-02-14T20:53:06-08:00,0,32
style.css,267,css,2df64cc7,Edgar,2025-02-14,20:53:06,-08:00,2025-02-14T20:53:06-08:00,0,10
style.css,268,css,2df64cc7,Edgar,2025-02-14,20:53:06,-08:00,2025-02-14T20:53:06-08:00,0,9
style.css,269,css,2df64cc7,Edgar,2025-02-14,20:53:06,-08:00,2025-02-14T20:53:06-08:00,0,26
style.css,270,css,2df64cc7,Edgar,2025-02-14,20:53:06,-08:00,2025-02-14T20:53:06-08:00,0,40
style.css,271,css,2df64cc7,Edgar,2025-02-14,20:53:06,-08:00,2025-02-14T20:53:06-08:00,0,0
style.css,272,css,2df64cc7,Edgar,2025-02-14,20:53:06,-08:00,2025-02-14T20:53:06-08:00,0,43
style.css,273,css,2df64cc7,Edgar,2025-02-14,20:53:06,-08:00,2025-02-14T20:53:06-08:00,0,10
style.css,274,css,2df64cc7,Edgar,2025-02-14,20:53:06,-08:00,2025-02-14T20:53:06-08:00,0,18
style.css,275,css,2df64cc7,Edgar,2025-02-14,20:53:06,-08:00,2025-02-14T20:53:06-08:00,0,0
style.css,276,css,2df64cc7,Edgar,2025-02-14,20:53:06,-08:00,2025-02-14T20:53:06-08:00,0,0
style.css,277,css,2df64cc7,Edgar,2025-02-14,20:53:06,-08:00,2025-02-14T20:53:06-08:00,0,9
style.css,278,css,2df64cc7,Edgar,2025-02-14,20:53:06,-08:00,2025-02-14T20:53:06-08:00,0,15
style.css,279,css,2df64cc7,Edgar,2025-02-14,20:53:06,-08:00,2025-02-14T20:53:06-08:00,0,8
style.css,280,css,2df64cc7,Edgar,2025-02-14,20:53:06,-08:00,2025-02-14T20:53:06-08:00,0,9
style.css,281,css,2df64cc7,Edgar,2025-02-14,20:53:06,-08:00,2025-02-14T20:53:06-08:00,0,42
style.css,282,css,2df64cc7,Edgar,2025-02-14,20:53:06,-08:00,2025-02-14T20:53:06-08:00,0,22
style.css,283,css,2df64cc7,Edgar,2025-02-14,20:53:06,-08:00,2025-02-14T20:53:06-08:00,0,14
style.css,284,css,2df64cc7,Edgar,2025-02-14,20:53:06,-08:00,2025-02-14T20:53:06-08:00,0,39
style.css,285,css,2df64cc7,Edgar,2025-02-14,20:53:06,-08:00,2025-02-14T20:53:06-08:00,0,20
style.css,286,css,2df64cc7,Edgar,2025-02-14,20:53:06,-08:00,2025-02-14T20:53:06-08:00,0,26
style.css,287,css,2df64cc7,Edgar,2025-02-14,20:53:06,-08:00,2025-02-14T20:53:06-08:00,0,0
style.css,288,css,2df64cc7,Edgar,2025-02-14,20:53:06,-08:00,2025-02-14T20:53:06-08:00,0,0
style.css,289,css,2df64cc7,Edgar,2025-02-14,20:53:06,-08:00,2025-02-14T20:53:06-08:00,0,7
style.css,290,css,2df64cc7,Edgar,2025-02-14,20:53:06,-08:00,2025-02-14T20:53:06-08:00,0,17
style.css,291,css,2df64cc7,Edgar,2025-02-14,20:53:06,-08:00,2025-02-14T20:53:06-08:00,0,24
style.css,292,css,2df64cc7,Edgar,2025-02-14,20:53:06,-08:00,2025-02-14T20:53:06-08:00,0,23
style.css,293,css,2df64cc7,Edgar,2025-02-14,20:53:06,-08:00,2025-02-14T20:53:06-08:00,0,0
style.css,294,css,2df64cc7,Edgar,2025-02-14,20:53:06,-08:00,2025-02-14T20:53:06-08:00,0,0
style.css,295,css,2df64cc7,Edgar,2025-02-14,20:53:06,-08:00,2025-02-14T20:53:06-08:00,0,13
style.css,296,css,2df64cc7,Edgar,2025-02-14,20:53:06,-08:00,2025-02-14T20:53:06-08:00,0,21
style.css,297,css,2df64cc7,Edgar,2025-02-14,20:53:06,-08:00,2025-02-14T20:53:06-08:00,0,0
style.css,298,css,2df64cc7,Edgar,2025-02-14,20:53:06,-08:00,2025-02-14T20:53:06-08:00,0,0
style.css,299,css,2df64cc7,Edgar,2025-02-14,20:53:06,-08:00,2025-02-14T20:53:06-08:00,0,16
style.css,300,css,2df64cc7,Edgar,2025-02-14,20:53:06,-08:00,2025-02-14T20:53:06-08:00,0,13
style.css,301,css,2df64cc7,Edgar,2025-02-14,20:53:06,-08:00,2025-02-14T20:53:06-08:00,0,0
style.css,302,css,2df64cc7,Edgar,2025-02-14,20:53:06,-08:00,2025-02-14T20:53:06-08:00,0,0
style.css,303,css,2df64cc7,Edgar,2025-02-14,20:53:06,-08:00,2025-02-14T20:53:06-08:00,0,38
style.css,304,css,2df64cc7,Edgar,2025-02-14,20:53:06,-08:00,2025-02-14T20:53:06-08:00,0,7
style.css,305,css,407662b6,Edgar,2025-02-14,21:04:18,-08:00,2025-02-14T21:04:18-08:00,0,16
style.css,306,css,2df64cc7,Edgar,2025-02-14,20:53:06,-08:00,2025-02-14T20:53:06-08:00,0,59
style.css,307,css,2df64cc7,Edgar,2025-02-14,20:53:06,-08:00,2025-02-14T20:53:06-08:00,0,8
style.css,308,css,2df64cc7,Edgar,2025-02-14,20:53:06,-08:00,2025-02-14T20:53:06-08:00,0,15
style.css,309,css,407662b6,Edgar,2025-02-14,21:04:18,-08:00,2025-02-14T21:04:18-08:00,0,39
style.css,310,css,2df64cc7,Edgar,2025-02-14,20:53:06,-08:00,2025-02-14T20:53:06-08:00,0,20
style.css,311,css,2df64cc7,Edgar,2025-02-14,20:53:06,-08:00,2025-02-14T20:53:06-08:00,0,0
style.css,312,css,407662b6,Edgar,2025-02-14,21:04:18,-08:00,2025-02-14T21:04:18-08:00,0,10
style.css,313,css,407662b6,Edgar,2025-02-14,21:04:18,-08:00,2025-02-14T21:04:18-08:00,0,16
style.css,314,css,407662b6,Edgar,2025-02-14,21:04:18,-08:00,2025-02-14T21:04:18-08:00,0,9
style.css,315,css,407662b6,Edgar,2025-02-14,21:04:18,-08:00,2025-02-14T21:04:18-08:00,0,0
style.css,316,css,2df64cc7,Edgar,2025-02-14,20:53:06,-08:00,2025-02-14T20:53:06-08:00,0,10
style.css,317,css,2df64cc7,Edgar,2025-02-14,20:53:06,-08:00,2025-02-14T20:53:06-08:00,0,17
style.css,318,css,2df64cc7,Edgar,2025-02-14,20:53:06,-08:00,2025-02-14T20:53:06-08:00,0,0
style.css,319,css,2df64cc7,Edgar,2025-02-14,20:53:06,-08:00,2025-02-14T20:53:06-08:00,0,0
style.css,320,css,2df64cc7,Edgar,2025-02-14,20:53:06,-08:00,2025-02-14T20:53:06-08:00,0,35
style.css,321,css,2df64cc7,Edgar,2025-02-14,20:53:06,-08:00,2025-02-14T20:53:06-08:00,0,20
style.css,322,css,2df64cc7,Edgar,2025-02-14,20:53:06,-08:00,2025-02-14T20:53:06-08:00,0,15
style.css,323,css,2df64cc7,Edgar,2025-02-14,20:53:06,-08:00,2025-02-14T20:53:06-08:00,0,59
style.css,324,css,2df64cc7,Edgar,2025-02-14,20:53:06,-08:00,2025-02-14T20:53:06-08:00,0,8
style.css,325,css,2df64cc7,Edgar,2025-02-14,20:53:06,-08:00,2025-02-14T20:53:06-08:00,0,15
style.css,326,css,2df64cc7,Edgar,2025-02-14,20:53:06,-08:00,2025-02-14T20:53:06-08:00,0,39
style.css,327,css,2df64cc7,Edgar,2025-02-14,20:53:06,-08:00,2025-02-14T20:53:06-08:00,0,20
style.css,328,css,2df64cc7,Edgar,2025-02-14,20:53:06,-08:00,2025-02-14T20:53:06-08:00,0,0
style.css,329,css,2df64cc7,Edgar,2025-02-14,20:53:06,-08:00,2025-02-14T20:53:06-08:00,0,23
style.css,330,css,2df64cc7,Edgar,2025-02-14,20:53:06,-08:00,2025-02-14T20:53:06-08:00,0,17
style.css,331,css,2df64cc7,Edgar,2025-02-14,20:53:06,-08:00,2025-02-14T20:53:06-08:00,0,0
index.js,1,js,69085b44,Edgar,2025-01-31,18:53:35,-08:00,2025-01-31T18:53:35-08:00,0,72
index.js,2,js,69085b44,Edgar,2025-01-31,18:53:35,-08:00,2025-01-31T18:53:35-08:00,0,0
index.js,3,js,69085b44,Edgar,2025-01-31,18:53:35,-08:00,2025-01-31T18:53:35-08:00,0,55
index.js,4,js,69085b44,Edgar,2025-01-31,18:53:35,-08:00,2025-01-31T18:53:35-08:00,0,61
index.js,5,js,69085b44,Edgar,2025-01-31,18:53:35,-08:00,2025-01-31T18:53:35-08:00,0,43
index.js,6,js,69085b44,Edgar,2025-01-31,18:53:35,-08:00,2025-01-31T18:53:35-08:00,0,59
index.js,7,js,69085b44,Edgar,2025-01-31,18:53:35,-08:00,2025-01-31T18:53:35-08:00,0,61
index.js,8,js,69085b44,Edgar,2025-01-31,18:53:35,-08:00,2025-01-31T18:53:35-08:00,0,0
index.js,9,js,69085b44,Edgar,2025-01-31,18:53:35,-08:00,2025-01-31T18:53:35-08:00,0,0
index.js,10,js,69085b44,Edgar,2025-01-31,18:53:35,-08:00,2025-01-31T18:53:35-08:00,0,13
index.js,11,js,69085b44,Edgar,2025-01-31,18:53:35,-08:00,2025-01-31T18:53:35-08:00,0,4
index.js,12,js,69085b44,Edgar,2025-01-31,18:53:35,-08:00,2025-01-31T18:53:35-08:00,0,55
index.js,13,js,69085b44,Edgar,2025-01-31,18:53:35,-08:00,2025-01-31T18:53:35-08:00,0,42
index.js,14,js,69085b44,Edgar,2025-01-31,18:53:35,-08:00,2025-01-31T18:53:35-08:00,0,61
index.js,15,js,69085b44,Edgar,2025-01-31,18:53:35,-08:00,2025-01-31T18:53:35-08:00,0,43
index.js,16,js,69085b44,Edgar,2025-01-31,18:53:35,-08:00,2025-01-31T18:53:35-08:00,0,59
index.js,17,js,69085b44,Edgar,2025-01-31,18:53:35,-08:00,2025-01-31T18:53:35-08:00,0,47
index.js,18,js,69085b44,Edgar,2025-01-31,18:53:35,-08:00,2025-01-31T18:53:35-08:00,0,69
index.js,19,js,69085b44,Edgar,2025-01-31,18:53:35,-08:00,2025-01-31T18:53:35-08:00,0,0
index.js,20,js,69085b44,Edgar,2025-01-31,18:53:35,-08:00,2025-01-31T18:53:35-08:00,0,33
index.js,21,js,69085b44,Edgar,2025-01-31,18:53:35,-08:00,2025-01-31T18:53:35-08:00,0,23
index.js,22,js,69085b44,Edgar,2025-01-31,18:53:35,-08:00,2025-01-31T18:53:35-08:00,0,55
index.js,23,js,69085b44,Edgar,2025-01-31,18:53:35,-08:00,2025-01-31T18:53:35-08:00,0,7
index.js,24,js,69085b44,Edgar,2025-01-31,18:53:35,-08:00,2025-01-31T18:53:35-08:00,0,53
index.js,25,js,69085b44,Edgar,2025-01-31,18:53:35,-08:00,2025-01-31T18:53:35-08:00,0,0
index.js,26,js,69085b44,Edgar,2025-01-31,18:53:35,-08:00,2025-01-31T18:53:35-08:00,0,0
index.js,27,js,69085b44,Edgar,2025-01-31,18:53:35,-08:00,2025-01-31T18:53:35-08:00,0,29
index.js,28,js,69085b44,Edgar,2025-01-31,18:53:35,-08:00,2025-01-31T18:53:35-08:00,0,18
index.js,29,js,69085b44,Edgar,2025-01-31,18:53:35,-08:00,2025-01-31T18:53:35-08:00,0,25
index.js,30,js,69085b44,Edgar,2025-01-31,18:53:35,-08:00,2025-01-31T18:53:35-08:00,0,3
index.js,31,js,69085b44,Edgar,2025-01-31,18:53:35,-08:00,2025-01-31T18:53:35-08:00,0,56
index.js,32,js,69085b44,Edgar,2025-01-31,18:53:35,-08:00,2025-01-31T18:53:35-08:00,0,56
index.js,33,js,69085b44,Edgar,2025-01-31,18:53:35,-08:00,2025-01-31T18:53:35-08:00,0,50
index.js,34,js,69085b44,Edgar,2025-01-31,18:53:35,-08:00,2025-01-31T18:53:35-08:00,0,50
index.js,35,js,69085b44,Edgar,2025-01-31,18:53:35,-08:00,2025-01-31T18:53:35-08:00,0,4
index.js,36,js,69085b44,Edgar,2025-01-31,18:53:35,-08:00,2025-01-31T18:53:35-08:00,0,1
index.js,37,js,69085b44,Edgar,2025-01-31,18:53:35,-08:00,2025-01-31T18:53:35-08:00,0,7
index.js,38,js,69085b44,Edgar,2025-01-31,18:53:35,-08:00,2025-01-31T18:53:35-08:00,0,58
index.js,39,js,69085b44,Edgar,2025-01-31,18:53:35,-08:00,2025-01-31T18:53:35-08:00,0,0
index.js,40,js,69085b44,Edgar,2025-01-31,18:53:35,-08:00,2025-01-31T18:53:35-08:00,0,16
index.js,41,js,69085b44,Edgar,2025-01-31,18:53:35,-08:00,2025-01-31T18:53:35-08:00,0,30
index.js,42,js,69085b44,Edgar,2025-01-31,18:53:35,-08:00,2025-01-31T18:53:35-08:00,0,0
index.js,43,js,69085b44,Edgar,2025-01-31,18:53:35,-08:00,2025-01-31T18:53:35-08:00,0,4
index.html,1,html,ff3b97f7,Edgar,2025-01-09,18:50:02,-08:00,2025-01-09T18:50:02-08:00,0,14
index.html,2,html,ee027198,Edgar,2025-01-24,20:08:32,-08:00,2025-01-24T20:08:32-08:00,0,28
index.html,3,html,ff3b97f7,Edgar,2025-01-09,18:50:02,-08:00,2025-01-09T18:50:02-08:00,0,5
index.html,4,html,ff3b97f7,Edgar,2025-01-09,18:50:02,-08:00,2025-01-09T18:50:02-08:00,0,21
index.html,5,html,ff3b97f7,Edgar,2025-01-09,18:50:02,-08:00,2025-01-09T18:50:02-08:00,0,69
index.html,6,html,46a1a5d1,Edgar,2025-01-24,19:13:24,-08:00,2025-01-24T19:13:24-08:00,0,20
index.html,7,html,7ce47798,Edgar,2025-01-09,19:36:28,-08:00,2025-01-09T19:36:28-08:00,0,39
index.html,8,html,46a1a5d1,Edgar,2025-01-24,19:13:24,-08:00,2025-01-24T19:13:24-08:00,0,46
index.html,9,html,69085b44,Edgar,2025-01-31,18:53:35,-08:00,2025-01-31T18:53:35-08:00,0,51
index.html,10,html,ff3b97f7,Edgar,2025-01-09,18:50:02,-08:00,2025-01-09T18:50:02-08:00,0,6
index.html,11,html,ff3b97f7,Edgar,2025-01-09,18:50:02,-08:00,2025-01-09T18:50:02-08:00,0,5
index.html,12,html,ff3b97f7,Edgar,2025-01-09,18:50:02,-08:00,2025-01-09T18:50:02-08:00,0,29
index.html,13,html,7ce47798,Edgar,2025-01-09,19:36:28,-08:00,2025-01-09T19:36:28-08:00,0,128
index.html,14,html,7ce47798,Edgar,2025-01-09,19:36:28,-08:00,2025-01-09T19:36:28-08:00,0,60
index.html,15,html,7ce47798,Edgar,2025-01-09,19:36:28,-08:00,2025-01-09T19:36:28-08:00,0,4
index.html,16,html,7ce47798,Edgar,2025-01-09,19:36:28,-08:00,2025-01-09T19:36:28-08:00,0,68
index.html,17,html,69085b44,Edgar,2025-01-31,18:53:35,-08:00,2025-01-31T18:53:35-08:00,0,23
index.html,18,html,69085b44,Edgar,2025-01-31,18:53:35,-08:00,2025-01-31T18:53:35-08:00,0,21
index.html,19,html,69085b44,Edgar,2025-01-31,18:53:35,-08:00,2025-01-31T18:53:35-08:00,0,50
index.html,20,html,69085b44,Edgar,2025-01-31,18:53:35,-08:00,2025-01-31T18:53:35-08:00,0,5
index.html,21,html,69085b44,Edgar,2025-01-31,18:53:35,-08:00,2025-01-31T18:53:35-08:00,0,23
index.html,22,html,69085b44,Edgar,2025-01-31,18:53:35,-08:00,2025-01-31T18:53:35-08:00,0,21
index.html,23,html,69085b44,Edgar,2025-01-31,18:53:35,-08:00,2025-01-31T18:53:35-08:00,0,40
index.html,24,html,69085b44,Edgar,2025-01-31,18:53:35,-08:00,2025-01-31T18:53:35-08:00,0,5
index.html,25,html,ff3b97f7,Edgar,2025-01-09,18:50:02,-08:00,2025-01-09T18:50:02-08:00,0,6
index.html,26,html,ff3b97f7,Edgar,2025-01-09,18:50:02,-08:00,2025-01-09T18:50:02-08:00,0,6
global.js,1,js,46a1a5d1,Edgar,2025-01-24,19:13:24,-08:00,2025-01-24T19:13:24-08:00,0,26
global.js,2,js,46a1a5d1,Edgar,2025-01-24,19:13:24,-08:00,2025-01-24T19:13:24-08:00,0,0
global.js,3,js,46a1a5d1,Edgar,2025-01-24,19:13:24,-08:00,2025-01-24T19:13:24-08:00,0,42
global.js,4,js,46a1a5d1,Edgar,2025-01-24,19:13:24,-08:00,2025-01-24T19:13:24-08:00,0,53
global.js,5,js,46a1a5d1,Edgar,2025-01-24,19:13:24,-08:00,2025-01-24T19:13:24-08:00,0,0
global.js,6,js,46a1a5d1,Edgar,2025-01-24,19:13:24,-08:00,2025-01-24T19:13:24-08:00,0,0
global.js,7,js,46a1a5d1,Edgar,2025-01-24,19:13:24,-08:00,2025-01-24T19:13:24-08:00,0,48
global.js,8,js,46a1a5d1,Edgar,2025-01-24,19:13:24,-08:00,2025-01-24T19:13:24-08:00,0,31
global.js,9,js,46a1a5d1,Edgar,2025-01-24,19:13:24,-08:00,2025-01-24T19:13:24-08:00,0,24
global.js,10,js,46a1a5d1,Edgar,2025-01-24,19:13:24,-08:00,2025-01-24T19:13:24-08:00,0,34
global.js,11,js,46a1a5d1,Edgar,2025-01-24,19:13:24,-08:00,2025-01-24T19:13:24-08:00,0,73
global.js,12,js,46a1a5d1,Edgar,2025-01-24,19:13:24,-08:00,2025-01-24T19:13:24-08:00,0,6
global.js,13,js,46a1a5d1,Edgar,2025-01-24,19:13:24,-08:00,2025-01-24T19:13:24-08:00,0,39
global.js,14,js,46a1a5d1,Edgar,2025-01-24,19:13:24,-08:00,2025-01-24T19:13:24-08:00,0,20
global.js,15,js,46a1a5d1,Edgar,2025-01-24,19:13:24,-08:00,2025-01-24T19:13:24-08:00,0,42
global.js,16,js,46a1a5d1,Edgar,2025-01-24,19:13:24,-08:00,2025-01-24T19:13:24-08:00,0,43
global.js,17,js,46a1a5d1,Edgar,2025-01-24,19:13:24,-08:00,2025-01-24T19:13:24-08:00,0,5
global.js,18,js,46a1a5d1,Edgar,2025-01-24,19:13:24,-08:00,2025-01-24T19:13:24-08:00,0,0
global.js,19,js,46a1a5d1,Edgar,2025-01-24,19:13:24,-08:00,2025-01-24T19:13:24-08:00,0,0
global.js,20,js,46a1a5d1,Edgar,2025-01-24,19:13:24,-08:00,2025-01-24T19:13:24-08:00,0,34
global.js,21,js,46a1a5d1,Edgar,2025-01-24,19:13:24,-08:00,2025-01-24T19:13:24-08:00,0,37
global.js,22,js,46a1a5d1,Edgar,2025-01-24,19:13:24,-08:00,2025-01-24T19:13:24-08:00,0,71
global.js,23,js,46a1a5d1,Edgar,2025-01-24,19:13:24,-08:00,2025-01-24T19:13:24-08:00,0,38
global.js,24,js,46a1a5d1,Edgar,2025-01-24,19:13:24,-08:00,2025-01-24T19:13:24-08:00,0,0
global.js,25,js,46a1a5d1,Edgar,2025-01-24,19:13:24,-08:00,2025-01-24T19:13:24-08:00,0,0
global.js,26,js,46a1a5d1,Edgar,2025-01-24,19:13:24,-08:00,2025-01-24T19:13:24-08:00,0,45
global.js,27,js,46a1a5d1,Edgar,2025-01-24,19:13:24,-08:00,2025-01-24T19:13:24-08:00,0,32
global.js,28,js,46a1a5d1,Edgar,2025-01-24,19:13:24,-08:00,2025-01-24T19:13:24-08:00,0,12
global.js,29,js,46a1a5d1,Edgar,2025-01-24,19:13:24,-08:00,2025-01-24T19:13:24-08:00,0,0
global.js,30,js,46a1a5d1,Edgar,2025-01-24,19:13:24,-08:00,2025-01-24T19:13:24-08:00,0,27
global.js,31,js,46a1a5d1,Edgar,2025-01-24,19:13:24,-08:00,2025-01-24T19:13:24-08:00,0,5
global.js,32,js,46a1a5d1,Edgar,2025-01-24,19:13:24,-08:00,2025-01-24T19:13:24-08:00,0,32
global.js,33,js,46a1a5d1,Edgar,2025-01-24,19:13:24,-08:00,2025-01-24T19:13:24-08:00,0,44
global.js,34,js,46a1a5d1,Edgar,2025-01-24,19:13:24,-08:00,2025-01-24T19:13:24-08:00,0,35
global.js,35,js,46a1a5d1,Edgar,2025-01-24,19:13:24,-08:00,2025-01-24T19:13:24-08:00,0,33
global.js,36,js,46a1a5d1,Edgar,2025-01-24,19:13:24,-08:00,2025-01-24T19:13:24-08:00,0,8
global.js,37,js,46a1a5d1,Edgar,2025-01-24,19:13:24,-08:00,2025-01-24T19:13:24-08:00,0,8
global.js,38,js,46a1a5d1,Edgar,2025-01-24,19:13:24,-08:00,2025-01-24T19:13:24-08:00,0,1
global.js,39,js,46a1a5d1,Edgar,2025-01-24,19:13:24,-08:00,2025-01-24T19:13:24-08:00,0,0
global.js,40,js,46a1a5d1,Edgar,2025-01-24,19:13:24,-08:00,2025-01-24T19:13:24-08:00,0,72
global.js,41,js,46a1a5d1,Edgar,2025-01-24,19:13:24,-08:00,2025-01-24T19:13:24-08:00,0,0
global.js,42,js,46a1a5d1,Edgar,2025-01-24,19:13:24,-08:00,2025-01-24T19:13:24-08:00,0,53
global.js,43,js,46a1a5d1,Edgar,2025-01-24,19:13:24,-08:00,2025-01-24T19:13:24-08:00,0,35
global.js,44,js,46a1a5d1,Edgar,2025-01-24,19:13:24,-08:00,2025-01-24T19:13:24-08:00,0,44
global.js,45,js,46a1a5d1,Edgar,2025-01-24,19:13:24,-08:00,2025-01-24T19:13:24-08:00,0,27
global.js,46,js,46a1a5d1,Edgar,2025-01-24,19:13:24,-08:00,2025-01-24T19:13:24-08:00,0,37
global.js,47,js,46a1a5d1,Edgar,2025-01-24,19:13:24,-08:00,2025-01-24T19:13:24-08:00,0,0
global.js,48,js,46a1a5d1,Edgar,2025-01-24,19:13:24,-08:00,2025-01-24T19:13:24-08:00,0,0
global.js,49,js,46a1a5d1,Edgar,2025-01-24,19:13:24,-08:00,2025-01-24T19:13:24-08:00,0,55
global.js,50,js,46a1a5d1,Edgar,2025-01-24,19:13:24,-08:00,2025-01-24T19:13:24-08:00,0,58
global.js,51,js,46a1a5d1,Edgar,2025-01-24,19:13:24,-08:00,2025-01-24T19:13:24-08:00,0,34
global.js,52,js,46a1a5d1,Edgar,2025-01-24,19:13:24,-08:00,2025-01-24T19:13:24-08:00,0,2
global.js,53,js,46a1a5d1,Edgar,2025-01-24,19:13:24,-08:00,2025-01-24T19:13:24-08:00,0,0
global.js,54,js,ca1ee84f,Edgar,2025-01-24,20:15:23,-08:00,2025-01-24T20:15:23-08:00,0,27
global.js,55,js,ee027198,Edgar,2025-01-24,20:08:32,-08:00,2025-01-24T20:08:32-08:00,0,71
global.js,56,js,46a1a5d1,Edgar,2025-01-24,19:13:24,-08:00,2025-01-24T19:13:24-08:00,0,12
global.js,57,js,ca1ee84f,Edgar,2025-01-24,20:15:23,-08:00,2025-01-24T20:15:23-08:00,0,56
global.js,58,js,ca1ee84f,Edgar,2025-01-24,20:15:23,-08:00,2025-01-24T20:15:23-08:00,0,49
global.js,59,js,ca1ee84f,Edgar,2025-01-24,20:15:23,-08:00,2025-01-24T20:15:23-08:00,0,41
global.js,60,js,ca1ee84f,Edgar,2025-01-24,20:15:23,-08:00,2025-01-24T20:15:23-08:00,0,47
global.js,61,js,4c379970,Edgar,2025-02-14,17:33:32,-08:00,2025-02-14T17:33:32-08:00,0,41
global.js,62,js,ca1ee84f,Edgar,2025-01-24,20:15:23,-08:00,2025-01-24T20:15:23-08:00,0,57
global.js,63,js,ca1ee84f,Edgar,2025-01-24,20:15:23,-08:00,2025-01-24T20:15:23-08:00,0,1
global.js,64,js,ca1ee84f,Edgar,2025-01-24,20:15:23,-08:00,2025-01-24T20:15:23-08:00,0,0
global.js,65,js,45476582,Edgar,2025-01-24,20:01:39,-08:00,2025-01-24T20:01:39-08:00,0,39
global.js,66,js,45476582,Edgar,2025-01-24,20:01:39,-08:00,2025-01-24T20:01:39-08:00,0,26
global.js,67,js,45476582,Edgar,2025-01-24,20:01:39,-08:00,2025-01-24T20:01:39-08:00,0,0
global.js,68,js,45476582,Edgar,2025-01-24,20:01:39,-08:00,2025-01-24T20:01:39-08:00,0,21
global.js,69,js,46a1a5d1,Edgar,2025-01-24,19:13:24,-08:00,2025-01-24T19:13:24-08:00,0,15
global.js,70,js,ca1ee84f,Edgar,2025-01-24,20:15:23,-08:00,2025-01-24T20:15:23-08:00,0,45
global.js,71,js,ca1ee84f,Edgar,2025-01-24,20:15:23,-08:00,2025-01-24T20:15:23-08:00,0,71
global.js,72,js,ca1ee84f,Edgar,2025-01-24,20:15:23,-08:00,2025-01-24T20:15:23-08:00,0,0
global.js,73,js,ca1ee84f,Edgar,2025-01-24,20:15:23,-08:00,2025-01-24T20:15:23-08:00,0,19
global.js,74,js,ca1ee84f,Edgar,2025-01-24,20:15:23,-08:00,2025-01-24T20:15:23-08:00,0,35
global.js,75,js,ca1ee84f,Edgar,2025-01-24,20:15:23,-08:00,2025-01-24T20:15:23-08:00,0,12
global.js,76,js,ca1ee84f,Edgar,2025-01-24,20:15:23,-08:00,2025-01-24T20:15:23-08:00,0,21
global.js,77,js,ca1ee84f,Edgar,2025-01-24,20:15:23,-08:00,2025-01-24T20:15:23-08:00,0,13
global.js,78,js,ca1ee84f,Edgar,2025-01-24,20:15:23,-08:00,2025-01-24T20:15:23-08:00,0,66
global.js,79,js,ca1ee84f,Edgar,2025-01-24,20:15:23,-08:00,2025-01-24T20:15:23-08:00,0,26
global.js,80,js,46a1a5d1,Edgar,2025-01-24,19:13:24,-08:00,2025-01-24T19:13:24-08:00,0,0
global.js,81,js,ca1ee84f,Edgar,2025-01-24,20:15:23,-08:00,2025-01-24T20:15:23-08:00,0,0
global.js,82,js,69085b44,Edgar,2025-01-31,18:53:35,-08:00,2025-01-31T18:53:35-08:00,0,0
global.js,83,js,69085b44,Edgar,2025-01-31,18:53:35,-08:00,2025-01-31T18:53:35-08:00,0,14
global.js,84,js,69085b44,Edgar,2025-01-31,18:53:35,-08:00,2025-01-31T18:53:35-08:00,0,21
global.js,85,js,69085b44,Edgar,2025-01-31,18:53:35,-08:00,2025-01-31T18:53:35-08:00,0,37
global.js,86,js,69085b44,Edgar,2025-01-31,18:53:35,-08:00,2025-01-31T18:53:35-08:00,0,4
global.js,87,js,69085b44,Edgar,2025-01-31,18:53:35,-08:00,2025-01-31T18:53:35-08:00,0,40
global.js,88,js,69085b44,Edgar,2025-01-31,18:53:35,-08:00,2025-01-31T18:53:35-08:00,0,43
global.js,89,js,69085b44,Edgar,2025-01-31,18:53:35,-08:00,2025-01-31T18:53:35-08:00,0,33
global.js,90,js,69085b44,Edgar,2025-01-31,18:53:35,-08:00,2025-01-31T18:53:35-08:00,0,18
global.js,91,js,69085b44,Edgar,2025-01-31,18:53:35,-08:00,2025-01-31T18:53:35-08:00,0,67
global.js,92,js,69085b44,Edgar,2025-01-31,18:53:35,-08:00,2025-01-31T18:53:35-08:00,0,0
global.js,93,js,69085b44,Edgar,2025-01-31,18:53:35,-08:00,2025-01-31T18:53:35-08:00,0,34
global.js,94,js,69085b44,Edgar,2025-01-31,18:53:35,-08:00,2025-01-31T18:53:35-08:00,0,43
global.js,95,js,69085b44,Edgar,2025-01-31,18:53:35,-08:00,2025-01-31T18:53:35-08:00,0,16
global.js,96,js,69085b44,Edgar,2025-01-31,18:53:35,-08:00,2025-01-31T18:53:35-08:00,0,60
global.js,97,js,69085b44,Edgar,2025-01-31,18:53:35,-08:00,2025-01-31T18:53:35-08:00,0,0
global.js,98,js,69085b44,Edgar,2025-01-31,18:53:35,-08:00,2025-01-31T18:53:35-08:00,0,0
global.js,99,js,69085b44,Edgar,2025-01-31,18:53:35,-08:00,2025-01-31T18:53:35-08:00,0,0
global.js,100,js,69085b44,Edgar,2025-01-31,18:53:35,-08:00,2025-01-31T18:53:35-08:00,0,26
global.js,101,js,69085b44,Edgar,2025-01-31,18:53:35,-08:00,2025-01-31T18:53:35-08:00,0,80
global.js,102,js,69085b44,Edgar,2025-01-31,18:53:35,-08:00,2025-01-31T18:53:35-08:00,0,31
global.js,103,js,69085b44,Edgar,2025-01-31,18:53:35,-08:00,2025-01-31T18:53:35-08:00,0,28
global.js,104,js,69085b44,Edgar,2025-01-31,18:53:35,-08:00,2025-01-31T18:53:35-08:00,0,49
global.js,105,js,69085b44,Edgar,2025-01-31,18:53:35,-08:00,2025-01-31T18:53:35-08:00,0,20
global.js,106,js,ad49e8ca,Edgar,2025-02-25,19:24:07,-08:00,2025-02-25T19:24:07-08:00,0,66
global.js,107,js,ad49e8ca,Edgar,2025-02-25,19:24:07,-08:00,2025-02-25T19:24:07-08:00,0,24
global.js,108,js,ad49e8ca,Edgar,2025-02-25,19:24:07,-08:00,2025-02-25T19:24:07-08:00,0,3
global.js,109,js,69085b44,Edgar,2025-01-31,18:53:35,-08:00,2025-01-31T18:53:35-08:00,0,50
global.js,110,js,c65ce0c3,Edgar,2025-02-07,19:57:09,-08:00,2025-02-07T19:57:09-08:00,0,4
global.js,111,js,69085b44,Edgar,2025-01-31,18:53:35,-08:00,2025-01-31T18:53:35-08:00,0,28
global.js,112,js,c65ce0c3,Edgar,2025-02-07,19:57:09,-08:00,2025-02-07T19:57:09-08:00,0,14
global.js,113,js,c65ce0c3,Edgar,2025-02-07,19:57:09,-08:00,2025-02-07T19:57:09-08:00,0,5
global.js,114,js,69085b44,Edgar,2025-01-31,18:53:35,-08:00,2025-01-31T18:53:35-08:00,0,1
global.js,115,js,69085b44,Edgar,2025-01-31,18:53:35,-08:00,2025-01-31T18:53:35-08:00,0,37
global.js,116,js,69085b44,Edgar,2025-01-31,18:53:35,-08:00,2025-01-31T18:53:35-08:00,0,2
global.js,117,js,69085b44,Edgar,2025-01-31,18:53:35,-08:00,2025-01-31T18:53:35-08:00,0,0
global.js,118,js,69085b44,Edgar,2025-01-31,18:53:35,-08:00,2025-01-31T18:53:35-08:00,0,0
global.js,119,js,69085b44,Edgar,2025-01-31,18:53:35,-08:00,2025-01-31T18:53:35-08:00,0,48
global.js,120,js,69085b44,Edgar,2025-01-31,18:53:35,-08:00,2025-01-31T18:53:35-08:00,0,60
global.js,121,js,69085b44,Edgar,2025-01-31,18:53:35,-08:00,2025-01-31T18:53:35-08:00,0,0
projects/projects.js,1,js,69085b44,Edgar,2025-01-31,18:53:35,-08:00,2025-01-31T18:53:35-08:00,0,56
projects/projects.js,2,js,c65ce0c3,Edgar,2025-02-07,19:57:09,-08:00,2025-02-07T19:57:09-08:00,0,64
projects/projects.js,3,js,69085b44,Edgar,2025-01-31,18:53:35,-08:00,2025-01-31T18:53:35-08:00,0,0
projects/projects.js,4,js,69085b44,Edgar,2025-01-31,18:53:35,-08:00,2025-01-31T18:53:35-08:00,0,56
projects/projects.js,5,js,69085b44,Edgar,2025-01-31,18:53:35,-08:00,2025-01-31T18:53:35-08:00,0,61
projects/projects.js,6,js,69085b44,Edgar,2025-01-31,18:53:35,-08:00,2025-01-31T18:53:35-08:00,0,63
projects/projects.js,7,js,c65ce0c3,Edgar,2025-02-07,19:57:09,-08:00,2025-02-07T19:57:09-08:00,0,56
projects/projects.js,8,js,69085b44,Edgar,2025-01-31,18:53:35,-08:00,2025-01-31T18:53:35-08:00,0,0
projects/projects.js,9,js,c65ce0c3,Edgar,2025-02-07,19:57:09,-08:00,2025-02-07T19:57:09-08:00,0,34
projects/projects.js,10,js,69085b44,Edgar,2025-01-31,18:53:35,-08:00,2025-01-31T18:53:35-08:00,0,57
projects/projects.js,11,js,c65ce0c3,Edgar,2025-02-07,19:57:09,-08:00,2025-02-07T19:57:09-08:00,0,49
projects/projects.js,12,js,c65ce0c3,Edgar,2025-02-07,19:57:09,-08:00,2025-02-07T19:57:09-08:00,0,0
projects/projects.js,13,js,c65ce0c3,Edgar,2025-02-07,19:57:09,-08:00,2025-02-07T19:57:09-08:00,0,41
projects/projects.js,14,js,c65ce0c3,Edgar,2025-02-07,19:57:09,-08:00,2025-02-07T19:57:09-08:00,0,22
projects/projects.js,15,js,c65ce0c3,Edgar,2025-02-07,19:57:09,-08:00,2025-02-07T19:57:09-08:00,0,39
projects/projects.js,16,js,c65ce0c3,Edgar,2025-02-07,19:57:09,-08:00,2025-02-07T19:57:09-08:00,0,31
projects/projects.js,17,js,c65ce0c3,Edgar,2025-02-07,19:57:09,-08:00,2025-02-07T19:57:09-08:00,0,51
projects/projects.js,18,js,c65ce0c3,Edgar,2025-02-07,19:57:09,-08:00,2025-02-07T19:57:09-08:00,0,44
projects/projects.js,19,js,c65ce0c3,Edgar,2025-02-07,19:57:09,-08:00,2025-02-07T19:57:09-08:00,0,0
projects/projects.js,20,js,c65ce0c3,Edgar,2025-02-07,19:57:09,-08:00,2025-02-07T19:57:09-08:00,0,26
projects/projects.js,21,js,c65ce0c3,Edgar,2025-02-07,19:57:09,-08:00,2025-02-07T19:57:09-08:00,0,27
projects/projects.js,22,js,c65ce0c3,Edgar,2025-02-07,19:57:09,-08:00,2025-02-07T19:57:09-08:00,0,13
projects/projects.js,23,js,c65ce0c3,Edgar,2025-02-07,19:57:09,-08:00,2025-02-07T19:57:09-08:00,0,15
projects/projects.js,24,js,c65ce0c3,Edgar,2025-02-07,19:57:09,-08:00,2025-02-07T19:57:09-08:00,0,13
projects/projects.js,25,js,c65ce0c3,Edgar,2025-02-07,19:57:09,-08:00,2025-02-07T19:57:09-08:00,0,1
projects/projects.js,26,js,c65ce0c3,Edgar,2025-02-07,19:57:09,-08:00,2025-02-07T19:57:09-08:00,0,0
projects/projects.js,27,js,c65ce0c3,Edgar,2025-02-07,19:57:09,-08:00,2025-02-07T19:57:09-08:00,0,19
projects/projects.js,28,js,c65ce0c3,Edgar,2025-02-07,19:57:09,-08:00,2025-02-07T19:57:09-08:00,0,45
projects/projects.js,29,js,c65ce0c3,Edgar,2025-02-07,19:57:09,-08:00,2025-02-07T19:57:09-08:00,0,36
projects/projects.js,30,js,c65ce0c3,Edgar,2025-02-07,19:57:09,-08:00,2025-02-07T19:57:09-08:00,0,2
projects/projects.js,31,js,c65ce0c3,Edgar,2025-02-07,19:57:09,-08:00,2025-02-07T19:57:09-08:00,0,0
projects/projects.js,32,js,c65ce0c3,Edgar,2025-02-07,19:57:09,-08:00,2025-02-07T19:57:09-08:00,0,20
projects/projects.js,33,js,c65ce0c3,Edgar,2025-02-07,19:57:09,-08:00,2025-02-07T19:57:09-08:00,0,58
projects/projects.js,34,js,c65ce0c3,Edgar,2025-02-07,19:57:09,-08:00,2025-02-07T19:57:09-08:00,0,51
projects/projects.js,35,js,c65ce0c3,Edgar,2025-02-07,19:57:09,-08:00,2025-02-07T19:57:09-08:00,0,34
projects/projects.js,36,js,c65ce0c3,Edgar,2025-02-07,19:57:09,-08:00,2025-02-07T19:57:09-08:00,0,48
projects/projects.js,37,js,c65ce0c3,Edgar,2025-02-07,19:57:09,-08:00,2025-02-07T19:57:09-08:00,0,0
projects/projects.js,38,js,c65ce0c3,Edgar,2025-02-07,19:57:09,-08:00,2025-02-07T19:57:09-08:00,0,22
projects/projects.js,39,js,c65ce0c3,Edgar,2025-02-07,19:57:09,-08:00,2025-02-07T19:57:09-08:00,0,37
projects/projects.js,40,js,c65ce0c3,Edgar,2025-02-07,19:57:09,-08:00,2025-02-07T19:57:09-08:00,0,31
projects/projects.js,41,js,c65ce0c3,Edgar,2025-02-07,19:57:09,-08:00,2025-02-07T19:57:09-08:00,0,13
projects/projects.js,42,js,c65ce0c3,Edgar,2025-02-07,19:57:09,-08:00,2025-02-07T19:57:09-08:00,0,7
projects/projects.js,43,js,c65ce0c3,Edgar,2025-02-07,19:57:09,-08:00,2025-02-07T19:57:09-08:00,0,14
projects/projects.js,44,js,c65ce0c3,Edgar,2025-02-07,19:57:09,-08:00,2025-02-07T19:57:09-08:00,0,23
projects/projects.js,45,js,c65ce0c3,Edgar,2025-02-07,19:57:09,-08:00,2025-02-07T19:57:09-08:00,0,33
projects/projects.js,46,js,c65ce0c3,Edgar,2025-02-07,19:57:09,-08:00,2025-02-07T19:57:09-08:00,0,64
projects/projects.js,47,js,c65ce0c3,Edgar,2025-02-07,19:57:09,-08:00,2025-02-07T19:57:09-08:00,0,32
projects/projects.js,48,js,c65ce0c3,Edgar,2025-02-07,19:57:09,-08:00,2025-02-07T19:57:09-08:00,0,56
projects/projects.js,49,js,c65ce0c3,Edgar,2025-02-07,19:57:09,-08:00,2025-02-07T19:57:09-08:00,0,20
projects/projects.js,50,js,c65ce0c3,Edgar,2025-02-07,19:57:09,-08:00,2025-02-07T19:57:09-08:00,0,69
projects/projects.js,51,js,c65ce0c3,Edgar,2025-02-07,19:57:09,-08:00,2025-02-07T19:57:09-08:00,0,0
projects/projects.js,52,js,c65ce0c3,Edgar,2025-02-07,19:57:09,-08:00,2025-02-07T19:57:09-08:00,0,34
projects/projects.js,53,js,c65ce0c3,Edgar,2025-02-07,19:57:09,-08:00,2025-02-07T19:57:09-08:00,0,26
projects/projects.js,54,js,c65ce0c3,Edgar,2025-02-07,19:57:09,-08:00,2025-02-07T19:57:09-08:00,0,49
projects/projects.js,55,js,c65ce0c3,Edgar,2025-02-07,19:57:09,-08:00,2025-02-07T19:57:09-08:00,0,7
projects/projects.js,56,js,c65ce0c3,Edgar,2025-02-07,19:57:09,-08:00,2025-02-07T19:57:09-08:00,0,80
projects/projects.js,57,js,c65ce0c3,Edgar,2025-02-07,19:57:09,-08:00,2025-02-07T19:57:09-08:00,0,57
projects/projects.js,58,js,c65ce0c3,Edgar,2025-02-07,19:57:09,-08:00,2025-02-07T19:57:09-08:00,0,0
projects/projects.js,59,js,c65ce0c3,Edgar,2025-02-07,19:57:09,-08:00,2025-02-07T19:57:09-08:00,0,2
projects/projects.js,60,js,c65ce0c3,Edgar,2025-02-07,19:57:09,-08:00,2025-02-07T19:57:09-08:00,0,0
projects/projects.js,61,js,c65ce0c3,Edgar,2025-02-07,19:57:09,-08:00,2025-02-07T19:57:09-08:00,0,15
projects/projects.js,62,js,c65ce0c3,Edgar,2025-02-07,19:57:09,-08:00,2025-02-07T19:57:09-08:00,0,33
projects/projects.js,63,js,c65ce0c3,Edgar,2025-02-07,19:57:09,-08:00,2025-02-07T19:57:09-08:00,0,25
projects/projects.js,64,js,c65ce0c3,Edgar,2025-02-07,19:57:09,-08:00,2025-02-07T19:57:09-08:00,0,18
projects/projects.js,65,js,c65ce0c3,Edgar,2025-02-07,19:57:09,-08:00,2025-02-07T19:57:09-08:00,0,39
projects/projects.js,66,js,c65ce0c3,Edgar,2025-02-07,19:57:09,-08:00,2025-02-07T19:57:09-08:00,0,71
projects/projects.js,67,js,c65ce0c3,Edgar,2025-02-07,19:57:09,-08:00,2025-02-07T19:57:09-08:00,0,46
projects/projects.js,68,js,c65ce0c3,Edgar,2025-02-07,19:57:09,-08:00,2025-02-07T19:57:09-08:00,0,24
projects/projects.js,69,js,c65ce0c3,Edgar,2025-02-07,19:57:09,-08:00,2025-02-07T19:57:09-08:00,0,48
projects/projects.js,70,js,c65ce0c3,Edgar,2025-02-07,19:57:09,-08:00,2025-02-07T19:57:09-08:00,0,20
projects/projects.js,71,js,c65ce0c3,Edgar,2025-02-07,19:57:09,-08:00,2025-02-07T19:57:09-08:00,0,65
projects/projects.js,72,js,c65ce0c3,Edgar,2025-02-07,19:57:09,-08:00,2025-02-07T19:57:09-08:00,0,21
projects/projects.js,73,js,c65ce0c3,Edgar,2025-02-07,19:57:09,-08:00,2025-02-07T19:57:09-08:00,0,80
projects/projects.js,74,js,c65ce0c3,Edgar,2025-02-07,19:57:09,-08:00,2025-02-07T19:57:09-08:00,0,0
projects/projects.js,75,js,c65ce0c3,Edgar,2025-02-07,19:57:09,-08:00,2025-02-07T19:57:09-08:00,0,34
projects/projects.js,76,js,c65ce0c3,Edgar,2025-02-07,19:57:09,-08:00,2025-02-07T19:57:09-08:00,0,26
projects/projects.js,77,js,c65ce0c3,Edgar,2025-02-07,19:57:09,-08:00,2025-02-07T19:57:09-08:00,0,49
projects/projects.js,78,js,c65ce0c3,Edgar,2025-02-07,19:57:09,-08:00,2025-02-07T19:57:09-08:00,0,7
projects/projects.js,79,js,c65ce0c3,Edgar,2025-02-07,19:57:09,-08:00,2025-02-07T19:57:09-08:00,0,75
projects/projects.js,80,js,c65ce0c3,Edgar,2025-02-07,19:57:09,-08:00,2025-02-07T19:57:09-08:00,0,57
projects/projects.js,81,js,c65ce0c3,Edgar,2025-02-07,19:57:09,-08:00,2025-02-07T19:57:09-08:00,0,0
projects/projects.js,82,js,c65ce0c3,Edgar,2025-02-07,19:57:09,-08:00,2025-02-07T19:57:09-08:00,0,2
projects/projects.js,83,js,c65ce0c3,Edgar,2025-02-07,19:57:09,-08:00,2025-02-07T19:57:09-08:00,0,2
projects/projects.js,84,js,c65ce0c3,Edgar,2025-02-07,19:57:09,-08:00,2025-02-07T19:57:09-08:00,0,0
projects/projects.js,85,js,c65ce0c3,Edgar,2025-02-07,19:57:09,-08:00,2025-02-07T19:57:09-08:00,0,0
projects/projects.js,86,js,c65ce0c3,Edgar,2025-02-07,19:57:09,-08:00,2025-02-07T19:57:09-08:00,0,29
projects/projects.js,87,js,c65ce0c3,Edgar,2025-02-07,19:57:09,-08:00,2025-02-07T19:57:09-08:00,0,24
projects/projects.js,88,js,c65ce0c3,Edgar,2025-02-07,19:57:09,-08:00,2025-02-07T19:57:09-08:00,0,0
projects/projects.js,89,js,c65ce0c3,Edgar,2025-02-07,19:57:09,-08:00,2025-02-07T19:57:09-08:00,0,24
projects/projects.js,90,js,c65ce0c3,Edgar,2025-02-07,19:57:09,-08:00,2025-02-07T19:57:09-08:00,0,14
projects/projects.js,91,js,c65ce0c3,Edgar,2025-02-07,19:57:09,-08:00,2025-02-07T19:57:09-08:00,0,0
projects/projects.js,92,js,c65ce0c3,Edgar,2025-02-07,19:57:09,-08:00,2025-02-07T19:57:09-08:00,0,49
projects/projects.js,93,js,c65ce0c3,Edgar,2025-02-07,19:57:09,-08:00,2025-02-07T19:57:09-08:00,0,20
projects/projects.js,94,js,c65ce0c3,Edgar,2025-02-07,19:57:09,-08:00,2025-02-07T19:57:09-08:00,0,40
projects/projects.js,95,js,c65ce0c3,Edgar,2025-02-07,19:57:09,-08:00,2025-02-07T19:57:09-08:00,0,0
projects/projects.js,96,js,c65ce0c3,Edgar,2025-02-07,19:57:09,-08:00,2025-02-07T19:57:09-08:00,0,21
projects/projects.js,97,js,c65ce0c3,Edgar,2025-02-07,19:57:09,-08:00,2025-02-07T19:57:09-08:00,0,50
projects/projects.js,98,js,c65ce0c3,Edgar,2025-02-07,19:57:09,-08:00,2025-02-07T19:57:09-08:00,0,45
projects/projects.js,99,js,c65ce0c3,Edgar,2025-02-07,19:57:09,-08:00,2025-02-07T19:57:09-08:00,0,48
projects/projects.js,100,js,c65ce0c3,Edgar,2025-02-07,19:57:09,-08:00,2025-02-07T19:57:09-08:00,0,1
projects/projects.js,101,js,c65ce0c3,Edgar,2025-02-07,19:57:09,-08:00,2025-02-07T19:57:09-08:00,0,0
projects/projects.js,102,js,c65ce0c3,Edgar,2025-02-07,19:57:09,-08:00,2025-02-07T19:57:09-08:00,0,39
projects/projects.js,103,js,c65ce0c3,Edgar,2025-02-07,19:57:09,-08:00,2025-02-07T19:57:09-08:00,0,57
projects/projects.js,104,js,c65ce0c3,Edgar,2025-02-07,19:57:09,-08:00,2025-02-07T19:57:09-08:00,0,32
projects/projects.js,105,js,c65ce0c3,Edgar,2025-02-07,19:57:09,-08:00,2025-02-07T19:57:09-08:00,0,2
projects/index.html,1,html,7ce47798,Edgar,2025-01-09,19:36:28,-08:00,2025-01-09T19:36:28-08:00,0,14
projects/index.html,2,html,7ce47798,Edgar,2025-01-09,19:36:28,-08:00,2025-01-09T19:36:28-08:00,0,15
projects/index.html,3,html,7ce47798,Edgar,2025-01-09,19:36:28,-08:00,2025-01-09T19:36:28-08:00,0,5
projects/index.html,4,html,7ce47798,Edgar,2025-01-09,19:36:28,-08:00,2025-01-09T19:36:28-08:00,0,21
projects/index.html,5,html,7ce47798,Edgar,2025-01-09,19:36:28,-08:00,2025-01-09T19:36:28-08:00,0,69
projects/index.html,6,html,7ce47798,Edgar,2025-01-09,19:36:28,-08:00,2025-01-09T19:36:28-08:00,0,22
projects/index.html,7,html,0e5a995f,Edgar,2025-01-16,20:27:55,-08:00,2025-01-16T20:27:55-08:00,0,42
projects/index.html,8,html,2913ba66,Edgar,2025-01-24,19:40:26,-08:00,2025-01-24T19:40:26-08:00,0,49
projects/index.html,9,html,69085b44,Edgar,2025-01-31,18:53:35,-08:00,2025-01-31T18:53:35-08:00,0,49
projects/index.html,10,html,69085b44,Edgar,2025-01-31,18:53:35,-08:00,2025-01-31T18:53:35-08:00,0,48
projects/index.html,11,html,7ce47798,Edgar,2025-01-09,19:36:28,-08:00,2025-01-09T19:36:28-08:00,0,6
projects/index.html,12,html,7ce47798,Edgar,2025-01-09,19:36:28,-08:00,2025-01-09T19:36:28-08:00,0,5
projects/index.html,13,html,69085b44,Edgar,2025-01-31,18:53:35,-08:00,2025-01-31T18:53:35-08:00,0,39
projects/index.html,14,html,c65ce0c3,Edgar,2025-02-07,19:57:09,-08:00,2025-02-07T19:57:09-08:00,0,22
projects/index.html,15,html,c65ce0c3,Edgar,2025-02-07,19:57:09,-08:00,2025-02-07T19:57:09-08:00,0,55
projects/index.html,16,html,c65ce0c3,Edgar,2025-02-07,19:57:09,-08:00,2025-02-07T19:57:09-08:00,0,23
projects/index.html,17,html,9a7f69ee,Edgar,2025-01-16,20:16:58,-08:00,2025-01-16T20:16:58-08:00,0,5
projects/index.html,18,html,c65ce0c3,Edgar,2025-02-07,19:57:09,-08:00,2025-02-07T19:57:09-08:00,0,24
projects/index.html,19,html,c65ce0c3,Edgar,2025-02-07,19:57:09,-08:00,2025-02-07T19:57:09-08:00,0,12
projects/index.html,20,html,c65ce0c3,Edgar,2025-02-07,19:57:09,-08:00,2025-02-07T19:57:09-08:00,0,27
projects/index.html,21,html,c65ce0c3,Edgar,2025-02-07,19:57:09,-08:00,2025-02-07T19:57:09-08:00,0,32
projects/index.html,22,html,c65ce0c3,Edgar,2025-02-07,19:57:09,-08:00,2025-02-07T19:57:09-08:00,0,1
projects/index.html,23,html,c65ce0c3,Edgar,2025-02-07,19:57:09,-08:00,2025-02-07T19:57:09-08:00,0,28
projects/index.html,24,html,c65ce0c3,Edgar,2025-02-07,19:57:09,-08:00,2025-02-07T19:57:09-08:00,0,0
projects/index.html,25,html,7ce47798,Edgar,2025-01-09,19:36:28,-08:00,2025-01-09T19:36:28-08:00,0,6
projects/index.html,26,html,7ce47798,Edgar,2025-01-09,19:36:28,-08:00,2025-01-09T19:36:28-08:00,0,6
meta/main.js,1,js,2df64cc7,Edgar,2025-02-14,20:53:06,-08:00,2025-02-14T20:53:06-08:00,0,15
meta/main.js,2,js,2df64cc7,Edgar,2025-02-14,20:53:06,-08:00,2025-02-14T20:53:06-08:00,0,13
meta/main.js,3,js,2df64cc7,Edgar,2025-02-14,20:53:06,-08:00,2025-02-14T20:53:06-08:00,0,0
meta/main.js,4,js,2df64cc7,Edgar,2025-02-14,20:53:06,-08:00,2025-02-14T20:53:06-08:00,0,26
meta/main.js,5,js,2df64cc7,Edgar,2025-02-14,20:53:06,-08:00,2025-02-14T20:53:06-08:00,0,41
meta/main.js,6,js,2df64cc7,Edgar,2025-02-14,20:53:06,-08:00,2025-02-14T20:53:06-08:00,0,6
meta/main.js,7,js,2df64cc7,Edgar,2025-02-14,20:53:06,-08:00,2025-02-14T20:53:06-08:00,0,43
meta/main.js,8,js,2df64cc7,Edgar,2025-02-14,20:53:06,-08:00,2025-02-14T20:53:06-08:00,0,24
meta/main.js,9,js,2df64cc7,Edgar,2025-02-14,20:53:06,-08:00,2025-02-14T20:53:06-08:00,0,26
meta/main.js,10,js,2df64cc7,Edgar,2025-02-14,20:53:06,-08:00,2025-02-14T20:53:06-08:00,0,50
meta/main.js,11,js,2df64cc7,Edgar,2025-02-14,20:53:06,-08:00,2025-02-14T20:53:06-08:00,0,32
meta/main.js,12,js,2df64cc7,Edgar,2025-02-14,20:53:06,-08:00,2025-02-14T20:53:06-08:00,0,3
meta/main.js,13,js,2df64cc7,Edgar,2025-02-14,20:53:06,-08:00,2025-02-14T20:53:06-08:00,0,14
meta/main.js,14,js,2df64cc7,Edgar,2025-02-14,20:53:06,-08:00,2025-02-14T20:53:06-08:00,0,19
meta/main.js,15,js,2df64cc7,Edgar,2025-02-14,20:53:06,-08:00,2025-02-14T20:53:06-08:00,0,0
meta/main.js,16,js,2df64cc7,Edgar,2025-02-14,20:53:06,-08:00,2025-02-14T20:53:06-08:00,0,0
meta/main.js,17,js,2df64cc7,Edgar,2025-02-14,20:53:06,-08:00,2025-02-14T20:53:06-08:00,0,58
meta/main.js,18,js,2df64cc7,Edgar,2025-02-14,20:53:06,-08:00,2025-02-14T20:53:06-08:00,0,16
meta/main.js,19,js,2df64cc7,Edgar,2025-02-14,20:53:06,-08:00,2025-02-14T20:53:06-08:00,0,2
meta/main.js,20,js,2df64cc7,Edgar,2025-02-14,20:53:06,-08:00,2025-02-14T20:53:06-08:00,0,0
meta/main.js,21,js,2df64cc7,Edgar,2025-02-14,20:53:06,-08:00,2025-02-14T20:53:06-08:00,0,58
meta/main.js,22,js,2df64cc7,Edgar,2025-02-14,20:53:06,-08:00,2025-02-14T20:53:06-08:00,0,57
meta/main.js,23,js,2df64cc7,Edgar,2025-02-14,20:53:06,-08:00,2025-02-14T20:53:06-08:00,0,16
meta/main.js,24,js,2df64cc7,Edgar,2025-02-14,20:53:06,-08:00,2025-02-14T20:53:06-08:00,0,18
meta/main.js,25,js,2df64cc7,Edgar,2025-02-14,20:53:06,-08:00,2025-02-14T20:53:06-08:00,0,0
meta/main.js,26,js,2df64cc7,Edgar,2025-02-14,20:53:06,-08:00,2025-02-14T20:53:06-08:00,0,26
meta/main.js,27,js,2df64cc7,Edgar,2025-02-14,20:53:06,-08:00,2025-02-14T20:53:06-08:00,0,11
meta/main.js,28,js,2df64cc7,Edgar,2025-02-14,20:53:06,-08:00,2025-02-14T20:53:06-08:00,0,29
meta/main.js,29,js,2df64cc7,Edgar,2025-02-14,20:53:06,-08:00,2025-02-14T20:53:06-08:00,0,26
meta/main.js,30,js,2df64cc7,Edgar,2025-02-14,20:53:06,-08:00,2025-02-14T20:53:06-08:00,0,20
meta/main.js,31,js,2df64cc7,Edgar,2025-02-14,20:53:06,-08:00,2025-02-14T20:53:06-08:00,0,54
meta/main.js,32,js,2df64cc7,Edgar,2025-02-14,20:53:06,-08:00,2025-02-14T20:53:06-08:00,0,10
meta/main.js,33,js,2df64cc7,Edgar,2025-02-14,20:53:06,-08:00,2025-02-14T20:53:06-08:00,0,10
meta/main.js,34,js,2df64cc7,Edgar,2025-02-14,20:53:06,-08:00,2025-02-14T20:53:06-08:00,0,60
meta/main.js,35,js,2df64cc7,Edgar,2025-02-14,20:53:06,-08:00,2025-02-14T20:53:06-08:00,0,6
meta/main.js,36,js,2df64cc7,Edgar,2025-02-14,20:53:06,-08:00,2025-02-14T20:53:06-08:00,0,4
meta/main.js,37,js,2df64cc7,Edgar,2025-02-14,20:53:06,-08:00,2025-02-14T20:53:06-08:00,0,4
meta/main.js,38,js,2df64cc7,Edgar,2025-02-14,20:53:06,-08:00,2025-02-14T20:53:06-08:00,0,8
meta/main.js,39,js,2df64cc7,Edgar,2025-02-14,20:53:06,-08:00,2025-02-14T20:53:06-08:00,0,8
meta/main.js,40,js,2df64cc7,Edgar,2025-02-14,20:53:06,-08:00,2025-02-14T20:53:06-08:00,0,58
meta/main.js,41,js,2df64cc7,Edgar,2025-02-14,20:53:06,-08:00,2025-02-14T20:53:06-08:00,0,24
meta/main.js,42,js,2df64cc7,Edgar,2025-02-14,20:53:06,-08:00,2025-02-14T20:53:06-08:00,0,40
meta/main.js,43,js,2df64cc7,Edgar,2025-02-14,20:53:06,-08:00,2025-02-14T20:53:06-08:00,0,1
meta/main.js,44,js,2df64cc7,Edgar,2025-02-14,20:53:06,-08:00,2025-02-14T20:53:06-08:00,0,0
meta/main.js,45,js,2df64cc7,Edgar,2025-02-14,20:53:06,-08:00,2025-02-14T20:53:06-08:00,0,36
meta/main.js,46,js,2df64cc7,Edgar,2025-02-14,20:53:06,-08:00,2025-02-14T20:53:06-08:00,0,12
meta/main.js,47,js,2df64cc7,Edgar,2025-02-14,20:53:06,-08:00,2025-02-14T20:53:06-08:00,0,66
meta/main.js,48,js,2df64cc7,Edgar,2025-02-14,20:53:06,-08:00,2025-02-14T20:53:06-08:00,0,59
meta/main.js,49,js,2df64cc7,Edgar,2025-02-14,20:53:06,-08:00,2025-02-14T20:53:06-08:00,0,85
meta/main.js,50,js,2df64cc7,Edgar,2025-02-14,20:53:06,-08:00,2025-02-14T20:53:06-08:00,0,2
meta/main.js,51,js,2df64cc7,Edgar,2025-02-14,20:53:06,-08:00,2025-02-14T20:53:06-08:00,0,0
meta/main.js,52,js,2df64cc7,Edgar,2025-02-14,20:53:06,-08:00,2025-02-14T20:53:06-08:00,0,10
meta/main.js,53,js,2df64cc7,Edgar,2025-02-14,20:53:06,-08:00,2025-02-14T20:53:06-08:00,0,2
meta/main.js,54,js,2df64cc7,Edgar,2025-02-14,20:53:06,-08:00,2025-02-14T20:53:06-08:00,0,0
meta/main.js,55,js,2df64cc7,Edgar,2025-02-14,20:53:06,-08:00,2025-02-14T20:53:06-08:00,0,33
meta/main.js,56,js,2df64cc7,Edgar,2025-02-14,20:53:06,-08:00,2025-02-14T20:53:06-08:00,0,76
meta/main.js,57,js,2df64cc7,Edgar,2025-02-14,20:53:06,-08:00,2025-02-14T20:53:06-08:00,0,86
meta/main.js,58,js,2df64cc7,Edgar,2025-02-14,20:53:06,-08:00,2025-02-14T20:53:06-08:00,0,0
meta/main.js,59,js,2df64cc7,Edgar,2025-02-14,20:53:06,-08:00,2025-02-14T20:53:06-08:00,0,75
meta/main.js,60,js,2df64cc7,Edgar,2025-02-14,20:53:06,-08:00,2025-02-14T20:53:06-08:00,0,86
meta/main.js,61,js,2df64cc7,Edgar,2025-02-14,20:53:06,-08:00,2025-02-14T20:53:06-08:00,0,0
meta/main.js,62,js,2df64cc7,Edgar,2025-02-14,20:53:06,-08:00,2025-02-14T20:53:06-08:00,0,47
meta/main.js,63,js,2df64cc7,Edgar,2025-02-14,20:53:06,-08:00,2025-02-14T20:53:06-08:00,0,0
meta/main.js,64,js,2df64cc7,Edgar,2025-02-14,20:53:06,-08:00,2025-02-14T20:53:06-08:00,0,52
meta/main.js,65,js,2df64cc7,Edgar,2025-02-14,20:53:06,-08:00,2025-02-14T20:53:06-08:00,0,0
meta/main.js,66,js,2df64cc7,Edgar,2025-02-14,20:53:06,-08:00,2025-02-14T20:53:06-08:00,0,59
meta/main.js,67,js,2df64cc7,Edgar,2025-02-14,20:53:06,-08:00,2025-02-14T20:53:06-08:00,0,0
meta/main.js,68,js,2df64cc7,Edgar,2025-02-14,20:53:06,-08:00,2025-02-14T20:53:06-08:00,0,0
meta/main.js,69,js,2df64cc7,Edgar,2025-02-14,20:53:06,-08:00,2025-02-14T20:53:06-08:00,0,24
meta/main.js,70,js,2df64cc7,Edgar,2025-02-14,20:53:06,-08:00,2025-02-14T20:53:06-08:00,0,23
meta/main.js,71,js,2df64cc7,Edgar,2025-02-14,20:53:06,-08:00,2025-02-14T20:53:06-08:00,0,77
meta/main.js,72,js,2df64cc7,Edgar,2025-02-14,20:53:06,-08:00,2025-02-14T20:53:06-08:00,0,0
meta/main.js,73,js,2df64cc7,Edgar,2025-02-14,20:53:06,-08:00,2025-02-14T20:53:06-08:00,0,23
meta/main.js,74,js,2df64cc7,Edgar,2025-02-14,20:53:06,-08:00,2025-02-14T20:53:06-08:00,0,66
meta/main.js,75,js,2df64cc7,Edgar,2025-02-14,20:53:06,-08:00,2025-02-14T20:53:06-08:00,0,0
meta/main.js,76,js,2df64cc7,Edgar,2025-02-14,20:53:06,-08:00,2025-02-14T20:53:06-08:00,0,15
meta/main.js,77,js,2df64cc7,Edgar,2025-02-14,20:53:06,-08:00,2025-02-14T20:53:06-08:00,0,68
meta/main.js,78,js,2df64cc7,Edgar,2025-02-14,20:53:06,-08:00,2025-02-14T20:53:06-08:00,0,33
meta/main.js,79,js,2df64cc7,Edgar,2025-02-14,20:53:06,-08:00,2025-02-14T20:53:06-08:00,0,0
meta/main.js,80,js,2df64cc7,Edgar,2025-02-14,20:53:06,-08:00,2025-02-14T20:53:06-08:00,0,19
meta/main.js,81,js,2df64cc7,Edgar,2025-02-14,20:53:06,-08:00,2025-02-14T20:53:06-08:00,0,37
meta/main.js,82,js,2df64cc7,Edgar,2025-02-14,20:53:06,-08:00,2025-02-14T20:53:06-08:00,0,36
meta/main.js,83,js,2df64cc7,Edgar,2025-02-14,20:53:06,-08:00,2025-02-14T20:53:06-08:00,0,0
meta/main.js,84,js,2df64cc7,Edgar,2025-02-14,20:53:06,-08:00,2025-02-14T20:53:06-08:00,0,33
meta/main.js,85,js,2df64cc7,Edgar,2025-02-14,20:53:06,-08:00,2025-02-14T20:53:06-08:00,0,51
meta/main.js,86,js,2df64cc7,Edgar,2025-02-14,20:53:06,-08:00,2025-02-14T20:53:06-08:00,0,30
meta/main.js,87,js,2df64cc7,Edgar,2025-02-14,20:53:06,-08:00,2025-02-14T20:53:06-08:00,0,0
meta/main.js,88,js,2df64cc7,Edgar,2025-02-14,20:53:06,-08:00,2025-02-14T20:53:06-08:00,0,18
meta/main.js,89,js,2df64cc7,Edgar,2025-02-14,20:53:06,-08:00,2025-02-14T20:53:06-08:00,0,36
meta/main.js,90,js,2df64cc7,Edgar,2025-02-14,20:53:06,-08:00,2025-02-14T20:53:06-08:00,0,33
meta/main.js,91,js,2df64cc7,Edgar,2025-02-14,20:53:06,-08:00,2025-02-14T20:53:06-08:00,0,0
meta/main.js,92,js,2df64cc7,Edgar,2025-02-14,20:53:06,-08:00,2025-02-14T20:53:06-08:00,0,44
meta/main.js,93,js,2df64cc7,Edgar,2025-02-14,20:53:06,-08:00,2025-02-14T20:53:06-08:00,0,62
meta/main.js,94,js,2df64cc7,Edgar,2025-02-14,20:53:06,-08:00,2025-02-14T20:53:06-08:00,0,113
meta/main.js,95,js,2df64cc7,Edgar,2025-02-14,20:53:06,-08:00,2025-02-14T20:53:06-08:00,0,0
meta/main.js,96,js,2df64cc7,Edgar,2025-02-14,20:53:06,-08:00,2025-02-14T20:53:06-08:00,0,40
meta/main.js,97,js,2df64cc7,Edgar,2025-02-14,20:53:06,-08:00,2025-02-14T20:53:06-08:00,0,58
meta/main.js,98,js,2df64cc7,Edgar,2025-02-14,20:53:06,-08:00,2025-02-14T20:53:06-08:00,0,42
meta/main.js,99,js,2df64cc7,Edgar,2025-02-14,20:53:06,-08:00,2025-02-14T20:53:06-08:00,0,0
meta/main.js,100,js,2df64cc7,Edgar,2025-02-14,20:53:06,-08:00,2025-02-14T20:53:06-08:00,0,0
meta/main.js,101,js,2df64cc7,Edgar,2025-02-14,20:53:06,-08:00,2025-02-14T20:53:06-08:00,0,9
meta/main.js,102,js,2df64cc7,Edgar,2025-02-14,20:53:06,-08:00,2025-02-14T20:53:06-08:00,0,38
meta/main.js,103,js,2df64cc7,Edgar,2025-02-14,20:53:06,-08:00,2025-02-14T20:53:06-08:00,0,51
meta/main.js,104,js,2df64cc7,Edgar,2025-02-14,20:53:06,-08:00,2025-02-14T20:53:06-08:00,0,51
meta/main.js,105,js,2df64cc7,Edgar,2025-02-14,20:53:06,-08:00,2025-02-14T20:53:06-08:00,0,51
meta/main.js,106,js,2df64cc7,Edgar,2025-02-14,20:53:06,-08:00,2025-02-14T20:53:06-08:00,0,55
meta/main.js,107,js,2df64cc7,Edgar,2025-02-14,20:53:06,-08:00,2025-02-14T20:53:06-08:00,0,53
meta/main.js,108,js,2df64cc7,Edgar,2025-02-14,20:53:06,-08:00,2025-02-14T20:53:06-08:00,0,0
meta/main.js,109,js,2df64cc7,Edgar,2025-02-14,20:53:06,-08:00,2025-02-14T20:53:06-08:00,0,44
meta/main.js,110,js,2df64cc7,Edgar,2025-02-14,20:53:06,-08:00,2025-02-14T20:53:06-08:00,0,0
meta/main.js,111,js,2df64cc7,Edgar,2025-02-14,20:53:06,-08:00,2025-02-14T20:53:06-08:00,0,22
meta/main.js,112,js,2df64cc7,Edgar,2025-02-14,20:53:06,-08:00,2025-02-14T20:53:06-08:00,0,28
meta/main.js,113,js,2df64cc7,Edgar,2025-02-14,20:53:06,-08:00,2025-02-14T20:53:06-08:00,0,57
meta/main.js,114,js,2df64cc7,Edgar,2025-02-14,20:53:06,-08:00,2025-02-14T20:53:06-08:00,0,17
meta/main.js,115,js,2df64cc7,Edgar,2025-02-14,20:53:06,-08:00,2025-02-14T20:53:06-08:00,0,2
meta/main.js,116,js,2df64cc7,Edgar,2025-02-14,20:53:06,-08:00,2025-02-14T20:53:06-08:00,0,57
meta/main.js,117,js,2df64cc7,Edgar,2025-02-14,20:53:06,-08:00,2025-02-14T20:53:06-08:00,0,17
meta/main.js,118,js,2df64cc7,Edgar,2025-02-14,20:53:06,-08:00,2025-02-14T20:53:06-08:00,0,2
meta/main.js,119,js,2df64cc7,Edgar,2025-02-14,20:53:06,-08:00,2025-02-14T20:53:06-08:00,0,34
meta/main.js,120,js,2df64cc7,Edgar,2025-02-14,20:53:06,-08:00,2025-02-14T20:53:06-08:00,0,37
meta/main.js,121,js,2df64cc7,Edgar,2025-02-14,20:53:06,-08:00,2025-02-14T20:53:06-08:00,0,0
meta/main.js,122,js,2df64cc7,Edgar,2025-02-14,20:53:06,-08:00,2025-02-14T20:53:06-08:00,0,0
meta/main.js,123,js,2df64cc7,Edgar,2025-02-14,20:53:06,-08:00,2025-02-14T20:53:06-08:00,0,44
meta/main.js,124,js,2df64cc7,Edgar,2025-02-14,20:53:06,-08:00,2025-02-14T20:53:06-08:00,0,57
meta/main.js,125,js,2df64cc7,Edgar,2025-02-14,20:53:06,-08:00,2025-02-14T20:53:06-08:00,0,27
meta/main.js,126,js,2df64cc7,Edgar,2025-02-14,20:53:06,-08:00,2025-02-14T20:53:06-08:00,0,0
meta/main.js,127,js,2df64cc7,Edgar,2025-02-14,20:53:06,-08:00,2025-02-14T20:53:06-08:00,0,0
meta/main.js,128,js,2df64cc7,Edgar,2025-02-14,20:53:06,-08:00,2025-02-14T20:53:06-08:00,0,38
meta/main.js,129,js,2df64cc7,Edgar,2025-02-14,20:53:06,-08:00,2025-02-14T20:53:06-08:00,0,57
meta/main.js,130,js,2df64cc7,Edgar,2025-02-14,20:53:06,-08:00,2025-02-14T20:53:06-08:00,0,41
meta/main.js,131,js,2df64cc7,Edgar,2025-02-14,20:53:06,-08:00,2025-02-14T20:53:06-08:00,0,40
meta/main.js,132,js,2df64cc7,Edgar,2025-02-14,20:53:06,-08:00,2025-02-14T20:53:06-08:00,0,0
meta/main.js,133,js,2df64cc7,Edgar,2025-02-14,20:53:06,-08:00,2025-02-14T20:53:06-08:00,0,0
meta/main.js,134,js,2df64cc7,Edgar,2025-02-14,20:53:06,-08:00,2025-02-14T20:53:06-08:00,0,12
meta/main.js,135,js,2df64cc7,Edgar,2025-02-14,20:53:06,-08:00,2025-02-14T20:53:06-08:00,0,28
meta/main.js,136,js,2df64cc7,Edgar,2025-02-14,20:53:06,-08:00,2025-02-14T20:53:06-08:00,0,60
meta/main.js,137,js,2df64cc7,Edgar,2025-02-14,20:53:06,-08:00,2025-02-14T20:53:06-08:00,0,18
meta/main.js,138,js,2df64cc7,Edgar,2025-02-14,20:53:06,-08:00,2025-02-14T20:53:06-08:00,0,18
meta/main.js,139,js,2df64cc7,Edgar,2025-02-14,20:53:06,-08:00,2025-02-14T20:53:06-08:00,0,13
meta/main.js,140,js,2df64cc7,Edgar,2025-02-14,20:53:06,-08:00,2025-02-14T20:53:06-08:00,0,16
meta/main.js,141,js,2df64cc7,Edgar,2025-02-14,20:53:06,-08:00,2025-02-14T20:53:06-08:00,0,13
meta/main.js,142,js,2df64cc7,Edgar,2025-02-14,20:53:06,-08:00,2025-02-14T20:53:06-08:00,0,41
meta/main.js,143,js,2df64cc7,Edgar,2025-02-14,20:53:06,-08:00,2025-02-14T20:53:06-08:00,0,29
meta/main.js,144,js,2df64cc7,Edgar,2025-02-14,20:53:06,-08:00,2025-02-14T20:53:06-08:00,0,0
meta/main.js,145,js,2df64cc7,Edgar,2025-02-14,20:53:06,-08:00,2025-02-14T20:53:06-08:00,0,10
meta/main.js,146,js,2df64cc7,Edgar,2025-02-14,20:53:06,-08:00,2025-02-14T20:53:06-08:00,0,11
meta/main.js,147,js,2df64cc7,Edgar,2025-02-14,20:53:06,-08:00,2025-02-14T20:53:06-08:00,0,45
meta/main.js,148,js,2df64cc7,Edgar,2025-02-14,20:53:06,-08:00,2025-02-14T20:53:06-08:00,0,17
meta/main.js,149,js,2df64cc7,Edgar,2025-02-14,20:53:06,-08:00,2025-02-14T20:53:06-08:00,0,7
meta/main.js,150,js,2df64cc7,Edgar,2025-02-14,20:53:06,-08:00,2025-02-14T20:53:06-08:00,0,0
meta/main.js,151,js,2df64cc7,Edgar,2025-02-14,20:53:06,-08:00,2025-02-14T20:53:06-08:00,0,60
meta/main.js,152,js,2df64cc7,Edgar,2025-02-14,20:53:06,-08:00,2025-02-14T20:53:06-08:00,0,0
meta/main.js,153,js,2df64cc7,Edgar,2025-02-14,20:53:06,-08:00,2025-02-14T20:53:06-08:00,0,45
meta/main.js,154,js,2df64cc7,Edgar,2025-02-14,20:53:06,-08:00,2025-02-14T20:53:06-08:00,0,68
meta/main.js,155,js,2df64cc7,Edgar,2025-02-14,20:53:06,-08:00,2025-02-14T20:53:06-08:00,0,16
meta/main.js,156,js,2df64cc7,Edgar,2025-02-14,20:53:06,-08:00,2025-02-14T20:53:06-08:00,0,11
meta/main.js,157,js,2df64cc7,Edgar,2025-02-14,20:53:06,-08:00,2025-02-14T20:53:06-08:00,0,28
meta/main.js,158,js,2df64cc7,Edgar,2025-02-14,20:53:06,-08:00,2025-02-14T20:53:06-08:00,0,15
meta/main.js,159,js,2df64cc7,Edgar,2025-02-14,20:53:06,-08:00,2025-02-14T20:53:06-08:00,0,0
meta/main.js,160,js,2df64cc7,Edgar,2025-02-14,20:53:06,-08:00,2025-02-14T20:53:06-08:00,0,50
meta/main.js,161,js,2df64cc7,Edgar,2025-02-14,20:53:06,-08:00,2025-02-14T20:53:06-08:00,0,0
meta/main.js,162,js,2df64cc7,Edgar,2025-02-14,20:53:06,-08:00,2025-02-14T20:53:06-08:00,0,3
meta/main.js,163,js,2df64cc7,Edgar,2025-02-14,20:53:06,-08:00,2025-02-14T20:53:06-08:00,0,19
meta/main.js,164,js,2df64cc7,Edgar,2025-02-14,20:53:06,-08:00,2025-02-14T20:53:06-08:00,0,19
meta/main.js,165,js,2df64cc7,Edgar,2025-02-14,20:53:06,-08:00,2025-02-14T20:53:06-08:00,0,14
meta/main.js,166,js,2df64cc7,Edgar,2025-02-14,20:53:06,-08:00,2025-02-14T20:53:06-08:00,0,37
meta/main.js,167,js,2df64cc7,Edgar,2025-02-14,20:53:06,-08:00,2025-02-14T20:53:06-08:00,0,37
meta/main.js,168,js,2df64cc7,Edgar,2025-02-14,20:53:06,-08:00,2025-02-14T20:53:06-08:00,0,38
meta/main.js,169,js,2df64cc7,Edgar,2025-02-14,20:53:06,-08:00,2025-02-14T20:53:06-08:00,0,26
meta/main.js,170,js,2df64cc7,Edgar,2025-02-14,20:53:06,-08:00,2025-02-14T20:53:06-08:00,0,25
meta/main.js,171,js,2df64cc7,Edgar,2025-02-14,20:53:06,-08:00,2025-02-14T20:53:06-08:00,0,38
meta/main.js,172,js,2df64cc7,Edgar,2025-02-14,20:53:06,-08:00,2025-02-14T20:53:06-08:00,0,55
meta/main.js,173,js,2df64cc7,Edgar,2025-02-14,20:53:06,-08:00,2025-02-14T20:53:06-08:00,0,23
meta/main.js,174,js,2df64cc7,Edgar,2025-02-14,20:53:06,-08:00,2025-02-14T20:53:06-08:00,0,29
meta/main.js,175,js,2df64cc7,Edgar,2025-02-14,20:53:06,-08:00,2025-02-14T20:53:06-08:00,0,28
meta/main.js,176,js,2df64cc7,Edgar,2025-02-14,20:53:06,-08:00,2025-02-14T20:53:06-08:00,0,1
meta/main.js,177,js,2df64cc7,Edgar,2025-02-14,20:53:06,-08:00,2025-02-14T20:53:06-08:00,0,30
meta/main.js,178,js,2df64cc7,Edgar,2025-02-14,20:53:06,-08:00,2025-02-14T20:53:06-08:00,0,57
meta/main.js,179,js,2df64cc7,Edgar,2025-02-14,20:53:06,-08:00,2025-02-14T20:53:06-08:00,0,24
meta/main.js,180,js,2df64cc7,Edgar,2025-02-14,20:53:06,-08:00,2025-02-14T20:53:06-08:00,0,30
meta/main.js,181,js,2df64cc7,Edgar,2025-02-14,20:53:06,-08:00,2025-02-14T20:53:06-08:00,0,2
meta/main.js,182,js,2df64cc7,Edgar,2025-02-14,20:53:06,-08:00,2025-02-14T20:53:06-08:00,0,0
meta/main.js,183,js,2df64cc7,Edgar,2025-02-14,20:53:06,-08:00,2025-02-14T20:53:06-08:00,0,59
meta/main.js,184,js,2df64cc7,Edgar,2025-02-14,20:53:06,-08:00,2025-02-14T20:53:06-08:00,0,19
meta/main.js,185,js,2df64cc7,Edgar,2025-02-14,20:53:06,-08:00,2025-02-14T20:53:06-08:00,0,15
meta/main.js,186,js,2df64cc7,Edgar,2025-02-14,20:53:06,-08:00,2025-02-14T20:53:06-08:00,0,27
meta/main.js,187,js,2df64cc7,Edgar,2025-02-14,20:53:06,-08:00,2025-02-14T20:53:06-08:00,0,30
meta/main.js,188,js,2df64cc7,Edgar,2025-02-14,20:53:06,-08:00,2025-02-14T20:53:06-08:00,0,17
meta/main.js,189,js,2df64cc7,Edgar,2025-02-14,20:53:06,-08:00,2025-02-14T20:53:06-08:00,0,41
meta/main.js,190,js,2df64cc7,Edgar,2025-02-14,20:53:06,-08:00,2025-02-14T20:53:06-08:00,0,43
meta/main.js,191,js,2df64cc7,Edgar,2025-02-14,20:53:06,-08:00,2025-02-14T20:53:06-08:00,0,1
meta/main.js,192,js,2df64cc7,Edgar,2025-02-14,20:53:06,-08:00,2025-02-14T20:53:06-08:00,0,0
meta/main.js,193,js,2df64cc7,Edgar,2025-02-14,20:53:06,-08:00,2025-02-14T20:53:06-08:00,0,31
meta/main.js,194,js,2df64cc7,Edgar,2025-02-14,20:53:06,-08:00,2025-02-14T20:53:06-08:00,0,49
meta/main.js,195,js,2df64cc7,Edgar,2025-02-14,20:53:06,-08:00,2025-02-14T20:53:06-08:00,0,49
meta/main.js,196,js,2df64cc7,Edgar,2025-02-14,20:53:06,-08:00,2025-02-14T20:53:06-08:00,0,0
meta/main.js,197,js,2df64cc7,Edgar,2025-02-14,20:53:06,-08:00,2025-02-14T20:53:06-08:00,0,17
meta/main.js,198,js,2df64cc7,Edgar,2025-02-14,20:53:06,-08:00,2025-02-14T20:53:06-08:00,0,20
meta/main.js,199,js,2df64cc7,Edgar,2025-02-14,20:53:06,-08:00,2025-02-14T20:53:06-08:00,0,11
meta/main.js,200,js,2df64cc7,Edgar,2025-02-14,20:53:06,-08:00,2025-02-14T20:53:06-08:00,0,26
meta/main.js,201,js,2df64cc7,Edgar,2025-02-14,20:53:06,-08:00,2025-02-14T20:53:06-08:00,0,54
meta/main.js,202,js,2df64cc7,Edgar,2025-02-14,20:53:06,-08:00,2025-02-14T20:53:06-08:00,0,0
meta/main.js,203,js,2df64cc7,Edgar,2025-02-14,20:53:06,-08:00,2025-02-14T20:53:06-08:00,0,65
meta/main.js,204,js,2df64cc7,Edgar,2025-02-14,20:53:06,-08:00,2025-02-14T20:53:06-08:00,0,78
meta/main.js,205,js,2df64cc7,Edgar,2025-02-14,20:53:06,-08:00,2025-02-14T20:53:06-08:00,0,0
meta/main.js,206,js,2df64cc7,Edgar,2025-02-14,20:53:06,-08:00,2025-02-14T20:53:06-08:00,0,17
meta/main.js,207,js,2df64cc7,Edgar,2025-02-14,20:53:06,-08:00,2025-02-14T20:53:06-08:00,0,35
meta/main.js,208,js,2df64cc7,Edgar,2025-02-14,20:53:06,-08:00,2025-02-14T20:53:06-08:00,0,15
meta/main.js,209,js,2df64cc7,Edgar,2025-02-14,20:53:06,-08:00,2025-02-14T20:53:06-08:00,0,16
meta/main.js,210,js,2df64cc7,Edgar,2025-02-14,20:53:06,-08:00,2025-02-14T20:53:06-08:00,0,59
meta/main.js,211,js,2df64cc7,Edgar,2025-02-14,20:53:06,-08:00,2025-02-14T20:53:06-08:00,0,0
meta/main.js,212,js,2df64cc7,Edgar,2025-02-14,20:53:06,-08:00,2025-02-14T20:53:06-08:00,0,12
meta/main.js,213,js,2df64cc7,Edgar,2025-02-14,20:53:06,-08:00,2025-02-14T20:53:06-08:00,0,2
meta/main.js,214,js,2df64cc7,Edgar,2025-02-14,20:53:06,-08:00,2025-02-14T20:53:06-08:00,0,11
meta/main.js,215,js,2df64cc7,Edgar,2025-02-14,20:53:06,-08:00,2025-02-14T20:53:06-08:00,0,55
meta/main.js,216,js,2df64cc7,Edgar,2025-02-14,20:53:06,-08:00,2025-02-14T20:53:06-08:00,0,12
meta/main.js,217,js,2df64cc7,Edgar,2025-02-14,20:53:06,-08:00,2025-02-14T20:53:06-08:00,0,0
meta/main.js,218,js,2df64cc7,Edgar,2025-02-14,20:53:06,-08:00,2025-02-14T20:53:06-08:00,0,12
meta/main.js,219,js,2df64cc7,Edgar,2025-02-14,20:53:06,-08:00,2025-02-14T20:53:06-08:00,0,2
meta/main.js,220,js,2df64cc7,Edgar,2025-02-14,20:53:06,-08:00,2025-02-14T20:53:06-08:00,0,11
meta/main.js,221,js,2df64cc7,Edgar,2025-02-14,20:53:06,-08:00,2025-02-14T20:53:06-08:00,0,53
meta/main.js,222,js,2df64cc7,Edgar,2025-02-14,20:53:06,-08:00,2025-02-14T20:53:06-08:00,0,12
meta/main.js,223,js,2df64cc7,Edgar,2025-02-14,20:53:06,-08:00,2025-02-14T20:53:06-08:00,0,0
meta/main.js,224,js,2df64cc7,Edgar,2025-02-14,20:53:06,-08:00,2025-02-14T20:53:06-08:00,0,44
meta/main.js,225,js,2df64cc7,Edgar,2025-02-14,20:53:06,-08:00,2025-02-14T20:53:06-08:00,0,18
meta/main.js,226,js,2df64cc7,Edgar,2025-02-14,20:53:06,-08:00,2025-02-14T20:53:06-08:00,0,0
meta/main.js,227,js,2df64cc7,Edgar,2025-02-14,20:53:06,-08:00,2025-02-14T20:53:06-08:00,0,0
meta/main.js,228,js,2df64cc7,Edgar,2025-02-14,20:53:06,-08:00,2025-02-14T20:53:06-08:00,0,28
meta/main.js,229,js,2df64cc7,Edgar,2025-02-14,20:53:06,-08:00,2025-02-14T20:53:06-08:00,0,14
meta/main.js,230,js,2df64cc7,Edgar,2025-02-14,20:53:06,-08:00,2025-02-14T20:53:06-08:00,0,23
meta/main.js,231,js,2df64cc7,Edgar,2025-02-14,20:53:06,-08:00,2025-02-14T20:53:06-08:00,0,59
meta/main.js,232,js,2df64cc7,Edgar,2025-02-14,20:53:06,-08:00,2025-02-14T20:53:06-08:00,0,25
meta/main.js,233,js,2df64cc7,Edgar,2025-02-14,20:53:06,-08:00,2025-02-14T20:53:06-08:00,0,0
meta/main.js,234,js,2df64cc7,Edgar,2025-02-14,20:53:06,-08:00,2025-02-14T20:53:06-08:00,0,14
meta/main.js,235,js,2df64cc7,Edgar,2025-02-14,20:53:06,-08:00,2025-02-14T20:53:06-08:00,0,22
meta/main.js,236,js,2df64cc7,Edgar,2025-02-14,20:53:06,-08:00,2025-02-14T20:53:06-08:00,0,12
meta/main.js,237,js,2df64cc7,Edgar,2025-02-14,20:53:06,-08:00,2025-02-14T20:53:06-08:00,0,0
meta/main.js,238,js,2df64cc7,Edgar,2025-02-14,20:53:06,-08:00,2025-02-14T20:53:06-08:00,0,41
meta/main.js,239,js,2df64cc7,Edgar,2025-02-14,20:53:06,-08:00,2025-02-14T20:53:06-08:00,0,44
meta/main.js,240,js,2df64cc7,Edgar,2025-02-14,20:53:06,-08:00,2025-02-14T20:53:06-08:00,0,0
meta/main.js,241,js,2df64cc7,Edgar,2025-02-14,20:53:06,-08:00,2025-02-14T20:53:06-08:00,0,0
meta/main.js,242,js,2df64cc7,Edgar,2025-02-14,20:53:06,-08:00,2025-02-14T20:53:06-08:00,0,25
meta/main.js,243,js,2df64cc7,Edgar,2025-02-14,20:53:06,-08:00,2025-02-14T20:53:06-08:00,0,0
meta/main.js,244,js,2df64cc7,Edgar,2025-02-14,20:53:06,-08:00,2025-02-14T20:53:06-08:00,0,24
meta/main.js,245,js,2df64cc7,Edgar,2025-02-14,20:53:06,-08:00,2025-02-14T20:53:06-08:00,0,32
meta/main.js,246,js,2df64cc7,Edgar,2025-02-14,20:53:06,-08:00,2025-02-14T20:53:06-08:00,0,17
meta/main.js,247,js,2df64cc7,Edgar,2025-02-14,20:53:06,-08:00,2025-02-14T20:53:06-08:00,0,22
meta/main.js,248,js,2df64cc7,Edgar,2025-02-14,20:53:06,-08:00,2025-02-14T20:53:06-08:00,0,25
meta/main.js,249,js,2df64cc7,Edgar,2025-02-14,20:53:06,-08:00,2025-02-14T20:53:06-08:00,0,0
meta/main.js,250,js,2df64cc7,Edgar,2025-02-14,20:53:06,-08:00,2025-02-14T20:53:06-08:00,0,0
meta/main.js,251,js,2df64cc7,Edgar,2025-02-14,20:53:06,-08:00,2025-02-14T20:53:06-08:00,0,34
meta/main.js,252,js,2df64cc7,Edgar,2025-02-14,20:53:06,-08:00,2025-02-14T20:53:06-08:00,0,21
meta/main.js,253,js,2df64cc7,Edgar,2025-02-14,20:53:06,-08:00,2025-02-14T20:53:06-08:00,0,12
meta/main.js,254,js,2df64cc7,Edgar,2025-02-14,20:53:06,-08:00,2025-02-14T20:53:06-08:00,0,0
meta/main.js,255,js,2df64cc7,Edgar,2025-02-14,20:53:06,-08:00,2025-02-14T20:53:06-08:00,0,64
meta/main.js,256,js,2df64cc7,Edgar,2025-02-14,20:53:06,-08:00,2025-02-14T20:53:06-08:00,0,64
meta/main.js,257,js,2df64cc7,Edgar,2025-02-14,20:53:06,-08:00,2025-02-14T20:53:06-08:00,0,33
meta/main.js,258,js,2df64cc7,Edgar,2025-02-14,20:53:06,-08:00,2025-02-14T20:53:06-08:00,0,33
meta/main.js,259,js,2df64cc7,Edgar,2025-02-14,20:53:06,-08:00,2025-02-14T20:53:06-08:00,0,59
meta/main.js,260,js,2df64cc7,Edgar,2025-02-14,20:53:06,-08:00,2025-02-14T20:53:06-08:00,0,0
meta/main.js,261,js,2df64cc7,Edgar,2025-02-14,20:53:06,-08:00,2025-02-14T20:53:06-08:00,0,0
meta/main.js,262,js,2df64cc7,Edgar,2025-02-14,20:53:06,-08:00,2025-02-14T20:53:06-08:00,0,27
meta/main.js,263,js,2df64cc7,Edgar,2025-02-14,20:53:06,-08:00,2025-02-14T20:53:06-08:00,0,48
meta/main.js,264,js,2df64cc7,Edgar,2025-02-14,20:53:06,-08:00,2025-02-14T20:53:06-08:00,0,70
meta/main.js,265,js,2df64cc7,Edgar,2025-02-14,20:53:06,-08:00,2025-02-14T20:53:06-08:00,0,0
meta/main.js,266,js,2df64cc7,Edgar,2025-02-14,20:53:06,-08:00,2025-02-14T20:53:06-08:00,0,0
meta/main.js,267,js,2df64cc7,Edgar,2025-02-14,20:53:06,-08:00,2025-02-14T20:53:06-08:00,0,32
meta/main.js,268,js,2df64cc7,Edgar,2025-02-14,20:53:06,-08:00,2025-02-14T20:53:06-08:00,0,37
meta/main.js,269,js,2df64cc7,Edgar,2025-02-14,20:53:06,-08:00,2025-02-14T20:53:06-08:00,0,33
meta/main.js,270,js,2df64cc7,Edgar,2025-02-14,20:53:06,-08:00,2025-02-14T20:53:06-08:00,0,4
meta/main.js,271,js,2df64cc7,Edgar,2025-02-14,20:53:06,-08:00,2025-02-14T20:53:06-08:00,0,0
meta/main.js,272,js,2df64cc7,Edgar,2025-02-14,20:53:06,-08:00,2025-02-14T20:53:06-08:00,0,63
meta/main.js,273,js,2df64cc7,Edgar,2025-02-14,20:53:06,-08:00,2025-02-14T20:53:06-08:00,0,29
meta/main.js,274,js,2df64cc7,Edgar,2025-02-14,20:53:06,-08:00,2025-02-14T20:53:06-08:00,0,29
meta/main.js,275,js,2df64cc7,Edgar,2025-02-14,20:53:06,-08:00,2025-02-14T20:53:06-08:00,0,19
meta/main.js,276,js,2df64cc7,Edgar,2025-02-14,20:53:06,-08:00,2025-02-14T20:53:06-08:00,0,0
meta/main.js,277,js,2df64cc7,Edgar,2025-02-14,20:53:06,-08:00,2025-02-14T20:53:06-08:00,0,22
meta/main.js,278,js,2df64cc7,Edgar,2025-02-14,20:53:06,-08:00,2025-02-14T20:53:06-08:00,0,0
meta/main.js,279,js,2df64cc7,Edgar,2025-02-14,20:53:06,-08:00,2025-02-14T20:53:06-08:00,0,0
meta/main.js,280,js,2df64cc7,Edgar,2025-02-14,20:53:06,-08:00,2025-02-14T20:53:06-08:00,0,19
meta/main.js,281,js,2df64cc7,Edgar,2025-02-14,20:53:06,-08:00,2025-02-14T20:53:06-08:00,0,35
meta/main.js,282,js,2df64cc7,Edgar,2025-02-14,20:53:06,-08:00,2025-02-14T20:53:06-08:00,0,37
meta/main.js,283,js,2df64cc7,Edgar,2025-02-14,20:53:06,-08:00,2025-02-14T20:53:06-08:00,0,33
meta/main.js,284,js,2df64cc7,Edgar,2025-02-14,20:53:06,-08:00,2025-02-14T20:53:06-08:00,0,4
meta/main.js,285,js,2df64cc7,Edgar,2025-02-14,20:53:06,-08:00,2025-02-14T20:53:06-08:00,0,63
meta/main.js,286,js,2df64cc7,Edgar,2025-02-14,20:53:06,-08:00,2025-02-14T20:53:06-08:00,0,0
meta/main.js,287,js,2df64cc7,Edgar,2025-02-14,20:53:06,-08:00,2025-02-14T20:53:06-08:00,0,34
meta/main.js,288,js,2df64cc7,Edgar,2025-02-14,20:53:06,-08:00,2025-02-14T20:53:06-08:00,0,24
meta/main.js,289,js,2df64cc7,Edgar,2025-02-14,20:53:06,-08:00,2025-02-14T20:53:06-08:00,0,6
meta/main.js,290,js,2df64cc7,Edgar,2025-02-14,20:53:06,-08:00,2025-02-14T20:53:06-08:00,0,0
meta/main.js,291,js,2df64cc7,Edgar,2025-02-14,20:53:06,-08:00,2025-02-14T20:53:06-08:00,0,74
meta/main.js,292,js,2df64cc7,Edgar,2025-02-14,20:53:06,-08:00,2025-02-14T20:53:06-08:00,0,53
meta/main.js,293,js,2df64cc7,Edgar,2025-02-14,20:53:06,-08:00,2025-02-14T20:53:06-08:00,0,0
meta/main.js,294,js,2df64cc7,Edgar,2025-02-14,20:53:06,-08:00,2025-02-14T20:53:06-08:00,0,43
meta/main.js,295,js,2df64cc7,Edgar,2025-02-14,20:53:06,-08:00,2025-02-14T20:53:06-08:00,0,27
meta/main.js,296,js,2df64cc7,Edgar,2025-02-14,20:53:06,-08:00,2025-02-14T20:53:06-08:00,0,5
meta/main.js,297,js,2df64cc7,Edgar,2025-02-14,20:53:06,-08:00,2025-02-14T20:53:06-08:00,0,15
meta/main.js,298,js,2df64cc7,Edgar,2025-02-14,20:53:06,-08:00,2025-02-14T20:53:06-08:00,0,12
meta/main.js,299,js,2df64cc7,Edgar,2025-02-14,20:53:06,-08:00,2025-02-14T20:53:06-08:00,0,1
meta/main.js,300,js,2df64cc7,Edgar,2025-02-14,20:53:06,-08:00,2025-02-14T20:53:06-08:00,0,0
meta/main.js,301,js,2df64cc7,Edgar,2025-02-14,20:53:06,-08:00,2025-02-14T20:53:06-08:00,0,27
meta/main.js,302,js,2df64cc7,Edgar,2025-02-14,20:53:06,-08:00,2025-02-14T20:53:06-08:00,0,24
meta/main.js,303,js,2df64cc7,Edgar,2025-02-14,20:53:06,-08:00,2025-02-14T20:53:06-08:00,0,0
meta/main.js,304,js,2df64cc7,Edgar,2025-02-14,20:53:06,-08:00,2025-02-14T20:53:06-08:00,0,43
meta/main.js,305,js,2df64cc7,Edgar,2025-02-14,20:53:06,-08:00,2025-02-14T20:53:06-08:00,0,39
meta/main.js,306,js,2df64cc7,Edgar,2025-02-14,20:53:06,-08:00,2025-02-14T20:53:06-08:00,0,47
meta/main.js,307,js,2df64cc7,Edgar,2025-02-14,20:53:06,-08:00,2025-02-14T20:53:06-08:00,0,0
meta/main.js,308,js,2df64cc7,Edgar,2025-02-14,20:53:06,-08:00,2025-02-14T20:53:06-08:00,0,23
meta/main.js,309,js,2df64cc7,Edgar,2025-02-14,20:53:06,-08:00,2025-02-14T20:53:06-08:00,0,19
meta/main.js,310,js,2df64cc7,Edgar,2025-02-14,20:53:06,-08:00,2025-02-14T20:53:06-08:00,0,37
meta/main.js,311,js,2df64cc7,Edgar,2025-02-14,20:53:06,-08:00,2025-02-14T20:53:06-08:00,0,1
meta/main.js,312,js,2df64cc7,Edgar,2025-02-14,20:53:06,-08:00,2025-02-14T20:53:06-08:00,0,0
meta/main.js,313,js,2df64cc7,Edgar,2025-02-14,20:53:06,-08:00,2025-02-14T20:53:06-08:00,0,0
meta/main.js,314,js,2df64cc7,Edgar,2025-02-14,20:53:06,-08:00,2025-02-14T20:53:06-08:00,0,16
meta/main.js,315,js,2df64cc7,Edgar,2025-02-14,20:53:06,-08:00,2025-02-14T20:53:06-08:00,0,0
meta/index.html,1,html,4c379970,Edgar,2025-02-14,17:33:32,-08:00,2025-02-14T17:33:32-08:00,0,14
meta/index.html,2,html,4c379970,Edgar,2025-02-14,17:33:32,-08:00,2025-02-14T17:33:32-08:00,0,15
meta/index.html,3,html,4c379970,Edgar,2025-02-14,17:33:32,-08:00,2025-02-14T17:33:32-08:00,0,5
meta/index.html,4,html,4c379970,Edgar,2025-02-14,17:33:32,-08:00,2025-02-14T17:33:32-08:00,0,21
meta/index.html,5,html,4c379970,Edgar,2025-02-14,17:33:32,-08:00,2025-02-14T17:33:32-08:00,0,69
meta/index.html,6,html,4c379970,Edgar,2025-02-14,17:33:32,-08:00,2025-02-14T17:33:32-08:00,0,18
meta/index.html,7,html,4c379970,Edgar,2025-02-14,17:33:32,-08:00,2025-02-14T17:33:32-08:00,0,42
meta/index.html,8,html,4c379970,Edgar,2025-02-14,17:33:32,-08:00,2025-02-14T17:33:32-08:00,0,49
meta/index.html,9,html,2df64cc7,Edgar,2025-02-14,20:53:06,-08:00,2025-02-14T20:53:06-08:00,0,44
meta/index.html,10,html,2df64cc7,Edgar,2025-02-14,20:53:06,-08:00,2025-02-14T20:53:06-08:00,0,52
meta/index.html,11,html,4c379970,Edgar,2025-02-14,17:33:32,-08:00,2025-02-14T17:33:32-08:00,0,6
meta/index.html,12,html,4c379970,Edgar,2025-02-14,17:33:32,-08:00,2025-02-14T17:33:32-08:00,0,5
meta/index.html,13,html,4c379970,Edgar,2025-02-14,17:33:32,-08:00,2025-02-14T17:33:32-08:00,0,31
meta/index.html,14,html,4c379970,Edgar,2025-02-14,17:33:32,-08:00,2025-02-14T17:33:32-08:00,0,64
meta/index.html,15,html,407662b6,Edgar,2025-02-14,21:04:18,-08:00,2025-02-14T21:04:18-08:00,0,15
meta/index.html,16,html,407662b6,Edgar,2025-02-14,21:04:18,-08:00,2025-02-14T21:04:18-08:00,0,15
meta/index.html,17,html,407662b6,Edgar,2025-02-14,21:04:18,-08:00,2025-02-14T21:04:18-08:00,0,5
meta/index.html,18,html,2df64cc7,Edgar,2025-02-14,20:53:06,-08:00,2025-02-14T20:53:06-08:00,0,30
meta/index.html,19,html,2df64cc7,Edgar,2025-02-14,20:53:06,-08:00,2025-02-14T20:53:06-08:00,0,21
meta/index.html,20,html,2df64cc7,Edgar,2025-02-14,20:53:06,-08:00,2025-02-14T20:53:06-08:00,0,51
meta/index.html,21,html,2df64cc7,Edgar,2025-02-14,20:53:06,-08:00,2025-02-14T20:53:06-08:00,0,14
meta/index.html,22,html,2df64cc7,Edgar,2025-02-14,20:53:06,-08:00,2025-02-14T20:53:06-08:00,0,3
meta/index.html,23,html,2df64cc7,Edgar,2025-02-14,20:53:06,-08:00,2025-02-14T20:53:06-08:00,0,47
meta/index.html,24,html,2df64cc7,Edgar,2025-02-14,20:53:06,-08:00,2025-02-14T20:53:06-08:00,0,4
meta/index.html,25,html,2df64cc7,Edgar,2025-02-14,20:53:06,-08:00,2025-02-14T20:53:06-08:00,0,0
meta/index.html,26,html,2df64cc7,Edgar,2025-02-14,20:53:06,-08:00,2025-02-14T20:53:06-08:00,0,12
meta/index.html,27,html,2df64cc7,Edgar,2025-02-14,20:53:06,-08:00,2025-02-14T20:53:06-08:00,0,25
meta/index.html,28,html,2df64cc7,Edgar,2025-02-14,20:53:06,-08:00,2025-02-14T20:53:06-08:00,0,12
meta/index.html,29,html,2df64cc7,Edgar,2025-02-14,20:53:06,-08:00,2025-02-14T20:53:06-08:00,0,25
meta/index.html,30,html,2df64cc7,Edgar,2025-02-14,20:53:06,-08:00,2025-02-14T20:53:06-08:00,0,14
meta/index.html,31,html,2df64cc7,Edgar,2025-02-14,20:53:06,-08:00,2025-02-14T20:53:06-08:00,0,27
meta/index.html,32,html,2df64cc7,Edgar,2025-02-14,20:53:06,-08:00,2025-02-14T20:53:06-08:00,0,20
meta/index.html,33,html,2df64cc7,Edgar,2025-02-14,20:53:06,-08:00,2025-02-14T20:53:06-08:00,0,26
meta/index.html,34,html,2df64cc7,Edgar,2025-02-14,20:53:06,-08:00,2025-02-14T20:53:06-08:00,0,4
meta/index.html,35,html,2df64cc7,Edgar,2025-02-14,20:53:06,-08:00,2025-02-14T20:53:06-08:00,0,46
meta/index.html,36,html,2df64cc7,Edgar,2025-02-14,20:53:06,-08:00,2025-02-14T20:53:06-08:00,0,46
meta/index.html,37,html,4c379970,Edgar,2025-02-14,17:33:32,-08:00,2025-02-14T17:33:32-08:00,0,6
meta/index.html,38,html,4c379970,Edgar,2025-02-14,17:33:32,-08:00,2025-02-14T17:33:32-08:00,0,6
contact/index.html,1,html,7ce47798,Edgar,2025-01-09,19:36:28,-08:00,2025-01-09T19:36:28-08:00,0,14
contact/index.html,2,html,7ce47798,Edgar,2025-01-09,19:36:28,-08:00,2025-01-09T19:36:28-08:00,0,15
contact/index.html,3,html,7ce47798,Edgar,2025-01-09,19:36:28,-08:00,2025-01-09T19:36:28-08:00,0,5
contact/index.html,4,html,7ce47798,Edgar,2025-01-09,19:36:28,-08:00,2025-01-09T19:36:28-08:00,0,21
contact/index.html,5,html,7ce47798,Edgar,2025-01-09,19:36:28,-08:00,2025-01-09T19:36:28-08:00,0,69
contact/index.html,6,html,7ce47798,Edgar,2025-01-09,19:36:28,-08:00,2025-01-09T19:36:28-08:00,0,21
contact/index.html,7,html,0e5a995f,Edgar,2025-01-16,20:27:55,-08:00,2025-01-16T20:27:55-08:00,0,42
contact/index.html,8,html,2913ba66,Edgar,2025-01-24,19:40:26,-08:00,2025-01-24T19:40:26-08:00,0,49
contact/index.html,9,html,7ce47798,Edgar,2025-01-09,19:36:28,-08:00,2025-01-09T19:36:28-08:00,0,6
contact/index.html,10,html,7ce47798,Edgar,2025-01-09,19:36:28,-08:00,2025-01-09T19:36:28-08:00,0,5
contact/index.html,11,html,7ce47798,Edgar,2025-01-09,19:36:28,-08:00,2025-01-09T19:36:28-08:00,0,15
contact/index.html,12,html,7ce47798,Edgar,2025-01-09,19:36:28,-08:00,2025-01-09T19:36:28-08:00,0,81
contact/index.html,13,html,9a7f69ee,Edgar,2025-01-16,20:16:58,-08:00,2025-01-16T20:16:58-08:00,0,13
contact/index.html,14,html,7ce47798,Edgar,2025-01-09,19:36:28,-08:00,2025-01-09T19:36:28-08:00,0,32
contact/index.html,15,html,7ce47798,Edgar,2025-01-09,19:36:28,-08:00,2025-01-09T19:36:28-08:00,0,7
contact/index.html,16,html,7ce47798,Edgar,2025-01-09,19:36:28,-08:00,2025-01-09T19:36:28-08:00,0,15
contact/index.html,17,html,7ce47798,Edgar,2025-01-09,19:36:28,-08:00,2025-01-09T19:36:28-08:00,0,33
contact/index.html,18,html,7ce47798,Edgar,2025-01-09,19:36:28,-08:00,2025-01-09T19:36:28-08:00,0,7
contact/index.html,19,html,7ce47798,Edgar,2025-01-09,19:36:28,-08:00,2025-01-09T19:36:28-08:00,0,15
contact/index.html,20,html,7ce47798,Edgar,2025-01-09,19:36:28,-08:00,2025-01-09T19:36:28-08:00,0,32
contact/index.html,21,html,7ce47798,Edgar,2025-01-09,19:36:28,-08:00,2025-01-09T19:36:28-08:00,0,7
contact/index.html,22,html,7ce47798,Edgar,2025-01-09,19:36:28,-08:00,2025-01-09T19:36:28-08:00,0,34
contact/index.html,23,html,7ce47798,Edgar,2025-01-09,19:36:28,-08:00,2025-01-09T19:36:28-08:00,0,6
contact/index.html,24,html,7ce47798,Edgar,2025-01-09,19:36:28,-08:00,2025-01-09T19:36:28-08:00,0,6
contact/index.html,25,html,7ce47798,Edgar,2025-01-09,19:36:28,-08:00,2025-01-09T19:36:28-08:00,0,6
CV/index.html,1,html,dcb72294,Edgar,2025-01-10,17:23:20,-08:00,2025-01-10T17:23:20-08:00,0,14
CV/index.html,2,html,dcb72294,Edgar,2025-01-10,17:23:20,-08:00,2025-01-10T17:23:20-08:00,0,15
CV/index.html,3,html,dcb72294,Edgar,2025-01-10,17:23:20,-08:00,2025-01-10T17:23:20-08:00,0,5
CV/index.html,4,html,dcb72294,Edgar,2025-01-10,17:23:20,-08:00,2025-01-10T17:23:20-08:00,0,21
CV/index.html,5,html,dcb72294,Edgar,2025-01-10,17:23:20,-08:00,2025-01-10T17:23:20-08:00,0,69
CV/index.html,6,html,dcb72294,Edgar,2025-01-10,17:23:20,-08:00,2025-01-10T17:23:20-08:00,0,16
CV/index.html,7,html,0e5a995f,Edgar,2025-01-16,20:27:55,-08:00,2025-01-16T20:27:55-08:00,0,42
CV/index.html,8,html,2913ba66,Edgar,2025-01-24,19:40:26,-08:00,2025-01-24T19:40:26-08:00,0,49
CV/index.html,9,html,dcb72294,Edgar,2025-01-10,17:23:20,-08:00,2025-01-10T17:23:20-08:00,0,6
CV/index.html,10,html,dcb72294,Edgar,2025-01-10,17:23:20,-08:00,2025-01-10T17:23:20-08:00,0,5
CV/index.html,11,html,33e2e818,Edgar,2025-01-17,18:20:30,-08:00,2025-01-17T18:20:30-08:00,0,15
CV/index.html,12,html,33e2e818,Edgar,2025-01-17,18:20:30,-08:00,2025-01-17T18:20:30-08:00,0,14
CV/index.html,13,html,33e2e818,Edgar,2025-01-17,18:20:30,-08:00,2025-01-17T18:20:30-08:00,0,8
CV/index.html,14,html,33e2e818,Edgar,2025-01-17,18:20:30,-08:00,2025-01-17T18:20:30-08:00,0,28
CV/index.html,15,html,33e2e818,Edgar,2025-01-17,18:20:30,-08:00,2025-01-17T18:20:30-08:00,0,60
CV/index.html,16,html,33e2e818,Edgar,2025-01-17,18:20:30,-08:00,2025-01-17T18:20:30-08:00,0,54
CV/index.html,17,html,33e2e818,Edgar,2025-01-17,18:20:30,-08:00,2025-01-17T18:20:30-08:00,0,44
CV/index.html,18,html,33e2e818,Edgar,2025-01-17,18:20:30,-08:00,2025-01-17T18:20:30-08:00,0,9
CV/index.html,19,html,33e2e818,Edgar,2025-01-17,18:20:30,-08:00,2025-01-17T18:20:30-08:00,0,8
CV/index.html,20,html,33e2e818,Edgar,2025-01-17,18:20:30,-08:00,2025-01-17T18:20:30-08:00,0,17
CV/index.html,21,html,33e2e818,Edgar,2025-01-17,18:20:30,-08:00,2025-01-17T18:20:30-08:00,0,8
CV/index.html,22,html,33e2e818,Edgar,2025-01-17,18:20:30,-08:00,2025-01-17T18:20:30-08:00,0,43
CV/index.html,23,html,33e2e818,Edgar,2025-01-17,18:20:30,-08:00,2025-01-17T18:20:30-08:00,0,41
CV/index.html,24,html,33e2e818,Edgar,2025-01-17,18:20:30,-08:00,2025-01-17T18:20:30-08:00,0,52
CV/index.html,25,html,33e2e818,Edgar,2025-01-17,18:20:30,-08:00,2025-01-17T18:20:30-08:00,0,9
CV/index.html,26,html,33e2e818,Edgar,2025-01-17,18:20:30,-08:00,2025-01-17T18:20:30-08:00,0,9
CV/index.html,27,html,33e2e818,Edgar,2025-01-17,18:20:30,-08:00,2025-01-17T18:20:30-08:00,0,8
CV/index.html,28,html,33e2e818,Edgar,2025-01-17,18:20:30,-08:00,2025-01-17T18:20:30-08:00,0,18
CV/index.html,29,html,33e2e818,Edgar,2025-01-17,18:20:30,-08:00,2025-01-17T18:20:30-08:00,0,8
CV/index.html,30,html,33e2e818,Edgar,2025-01-17,18:20:30,-08:00,2025-01-17T18:20:30-08:00,0,50
CV/index.html,31,html,33e2e818,Edgar,2025-01-17,18:20:30,-08:00,2025-01-17T18:20:30-08:00,0,50
CV/index.html,32,html,33e2e818,Edgar,2025-01-17,18:20:30,-08:00,2025-01-17T18:20:30-08:00,0,3
CV/index.html,33,html,33e2e818,Edgar,2025-01-17,18:20:30,-08:00,2025-01-17T18:20:30-08:00,0,95
CV/index.html,34,html,33e2e818,Edgar,2025-01-17,18:20:30,-08:00,2025-01-17T18:20:30-08:00,0,120
CV/index.html,35,html,33e2e818,Edgar,2025-01-17,18:20:30,-08:00,2025-01-17T18:20:30-08:00,0,90
CV/index.html,36,html,33e2e818,Edgar,2025-01-17,18:20:30,-08:00,2025-01-17T18:20:30-08:00,0,4
CV/index.html,37,html,33e2e818,Edgar,2025-01-17,18:20:30,-08:00,2025-01-17T18:20:30-08:00,0,9
CV/index.html,38,html,33e2e818,Edgar,2025-01-17,18:20:30,-08:00,2025-01-17T18:20:30-08:00,0,9
CV/index.html,39,html,33e2e818,Edgar,2025-01-17,18:20:30,-08:00,2025-01-17T18:20:30-08:00,0,8
CV/index.html,40,html,33e2e818,Edgar,2025-01-17,18:20:30,-08:00,2025-01-17T18:20:30-08:00,0,14
CV/index.html,41,html,dcb72294,Edgar,2025-01-10,17:23:20,-08:00,2025-01-10T17:23:20-08:00,0,3
CV/index.html,42,html,33e2e818,Edgar,2025-01-17,18:20:30,-08:00,2025-01-17T18:20:30-08:00,0,36
CV/index.html,43,html,33e2e818,Edgar,2025-01-17,18:20:30,-08:00,2025-01-17T18:20:30-08:00,0,25
CV/index.html,44,html,33e2e818,Edgar,2025-01-17,18:20:30,-08:00,2025-01-17T18:20:30-08:00,0,22
CV/index.html,45,html,33e2e818,Edgar,2025-01-17,18:20:30,-08:00,2025-01-17T18:20:30-08:00,0,19
CV/index.html,46,html,dcb72294,Edgar,2025-01-10,17:23:20,-08:00,2025-01-10T17:23:20-08:00,0,4
CV/index.html,47,html,33e2e818,Edgar,2025-01-17,18:20:30,-08:00,2025-01-17T18:20:30-08:00,0,9
CV/index.html,48,html,33e2e818,Edgar,2025-01-17,18:20:30,-08:00,2025-01-17T18:20:30-08:00,0,5
CV/index.html,49,html,dcb72294,Edgar,2025-01-10,17:23:20,-08:00,2025-01-10T17:23:20-08:00,0,6
CV/index.html,50,html,dcb72294,Edgar,2025-01-10,17:23:20,-08:00,2025-01-10T17:23:20-08:00,0,6
